Id,Label
0,Vicky Kaushal
1,Paresh Rawal
2,Mohit Raina
3,Yami Gautam
4,Kirti Kulhari
5,Rajit Kapoor
6,Ivan Rodrigues
7,Manasi Parekh
8,Swaroop Sampat
9,Riva Arora
10,Vicky Ahuja
11,Shoaib Ibrahim
12,Shrikant Kamat
13,Elena Kazan
14,Vishwas Kini
15,Major Kishore
16,Jashn Kohli
17,Rammy C. Pandey
18,Manish Sharma
19,Sparsh Sharma
20,Anupam Kher
21,Akshaye Khanna
22,Aahana Kumra
23,Atul Sharma
24,Manoj Anand
25,Arjun Mathur
26,Suzanne Bernert
27,Abdul Quadir Amin
28,Bharat Mistri
29,Divya Seth
30,Emraan Hashmi
31,Shreya Dhanwanthary
32,Snighdadeep Chatterji
33,Navneet Srivastava
34,Nanda Yadav
35,
36,Mona Ambegaonkar
37,Ananth Narayan Mahadevan
38,Devansh Doshi
39,Arpit Chaudhary
40,Yamini Singh
41,Abhay Kulkarni
42,Veena Nair
43,Disha Thakur
44,Kala Ramanathan
45,Sushant Divgikar
46,Geetika Vidya Ohlyan
47,Saloni Batra
48,Vikas Shukla
49,Mohit Chauhan
50,Himanshu Kohli
51,Gauri Chakraborty
52,Mohinder Gujral
53,Upasya Goswami
54,Simrat Kaur
55,Dimple Kaur
56,Arshad Warsi
57,Saurabh Shukla
58,Flora Saini
59,Sara Loren
60,Varun Badola
61,Deepali Pansare
62,Nivedita Tiwari
63,Peeyush Suhaney
64,Preeti Sood
65,Parag Tyagi
66,Radhika Apte
67,Akshay Oberoi
68,Siddhanth Kapoor
69,Ravi Kishan
70,Adil Hussain
71,Shilpa Shukla
72,Ajinkya Deo
73,Amit Sial
74,Kangana Ranaut
75,Rimi Sen
76,Atul Kulkarni
77,Nalneesh Neel
78,Danny Denzongpa
79,Mishti
80,Kulbhushan Kharbanda
81,Mohammed Zeeshan Ayyub
82,Anil George
83,Vikram Kochhar
84,Nawazuddin Siddiqui
85,Amrita Rao
86,Sanjay Narvekar
87,Prakash Belawadi
88,Vineet Sharma
89,Radha Sagar
90,Sonamoni Jayant Gadekar
91,Satish Alekar
92,Micky Makhija
93,Ali Asgar
94,Vivan Bhatena
95,Nargis Fakhri
96,Sachiin Joshi
97,Shabnam Karimzada
98,Kevin Matadeen
99,Ranveer Singh
100,Alia Bhatt
101,Siddhant Chaturvedi
102,Vijay Raaz
103,Amruta Subhash
104,Vijay Varma
105,Kalki Koechlin
106,Ikhlaque Khan
107,Sheeba Chaddha
108,Jyoti Subhash
109,Prit Kamani
110,Simran Sharma
111,Anshuman Malhotra
112,Tushar Pandey
113,Vibha Anand
114,Jatin Goswami
115,Jagat Rawat
116,Sonal Jha
117,Shailesh Datar
118,Jayshankar Tripathi
119,Ajay Devgn
120,Madhuri Dixit
121,Anil Kapoor
122,Riteish Deshmukh
123,Javed Jaffrey
124,Esha Gupta
125,Boman Irani
126,Sanjay Mishra
127,Vijay Patkar
128,Sushant Singh Rajput
129,Bhumi Pednekar
130,Manoj Bajpayee
131,Ranvir Shorey
132,Ashutosh Rana
133,Gagandev Riar
134,Amitabh Bachchan
135,Taapsee Pannu
136,Amrita Singh
137,Antonio Aakeel
138,Tony Luke
139,Tanveer Ghani
140,Tariqsafdar Hussain
141,Mark Mansfield
142,Abhimanyu Dasani
143,Radhika Madan
144,Prateek Parmar
145,Satyajit Ganu
146,Talha Arshad Reshi
147,Vikas Kumar
148,Rasika Dugal
149,Sumit Kaul
150,Bashir Lone
151,Gurveer Singh
152,Ashraf Nagoo
153,Mir Sarwar
154,Qazi Faiz
155,Umar Adil
156,Sanya Malhotra
157,Sachin Khedekar
158,Denzil Smith
159,Brinda Trivedi
160,Lubna Salim
161,Rajesh Kumar Sharma
162,Shihaan Bakshi
163,Akash Sinha
164,Seema Pravin Shende
165,Garima Agarwal
166,Anupama
167,Parveen Bansala
168,Mahaveer Singh Fauji
169,Javed Haider
170,Shahbaaz Khan
171,Sachin Khari
172,Pramod Moutho
173,Aarun Nagar
174,Khyati Sharma
175,Rasika Agashe
176,Sonia Albizuri
177,Syna Anand
178,Adarsh Bharti
179,Makrand Deshpande
180,Om Kanojiya
181,Anjali Patil
182,Prasad
183,Nachiket Purnapatre
184,Barun Sobti
185,Rajit Kapur
186,Panchhi Bora
187,Kartikey Tripathi
188,Akshay Kumar
189,Parineeti Chopra
190,Suvinder Vicky
191,Vansh Bhardwaj
192,Sumeet Basran
193,Ajit Singh
194,Sandeep Nahar
195,Harwinder Singh Aujla
196,Rakesh Sharma
197,Adhrit Sharma
198,Zaheer Iqbal
199,Pranutan Bahl
200,Mir Mohammed Mehroos
201,Mir Mohammed Zayan
202,Soliha Maqbool
203,Baba Hatim
204,Adiba Bhat
205,Hafsa Ashraf
206,Madikha
207,Bareen
208,Vidyut Jammwal
209,Lars Kjeldsen
210,Deepika Amin
211,Kumar Kanchan Ghosh
212,Brijendra Kala
213,Jitendra Kumar
214,Mukesh Pandey
215,Santosh Rai
216,Vipin Sharma
217,Manav Kaul
218,Nandita Das
219,Naseeruddin Shah
220,Mithun Chakraborty
221,Shweta Basu Prasad
222,Pankaj Tripathi
223,Vinay Pathak
224,Mandira Bedi
225,Rajesh Sharma
226,Ankur Rathee
227,Varun Dhawan
228,Aditya Roy Kapoor
229,Sonakshi Sinha
230,Sanjay Dutt
231,Kunal Khemu
232,Pawan Chopra
233,Shreyas Talpade
234,Aftab Shivdasani
235,Sonnalli Seygall
236,Ishita Dutta
237,Pavan Malhotra
238,Manu Rishi Chadha
239,Anil Charanjeett
240,Pankaj Jha
241,Jameel Khan
242,Tiger Shroff
243,Ananya Panday
244,Tara Sutaria
245,Aditya Seal
246,Manoj Pahwa
247,Ayesha Raza
248,Rajesh Kumar
249,Manasi Joshi Roy
250,Samir Soni
251,Gul Panag
252,Vivek Oberoi
253,Barkha Bisht
254,Darshan Kumaar
255,Zarina Wahab
256,Manoj Joshi
257,Suresh Oberoi
258,Prashant Narayanan
259,Yatin Karyekar
260,Rajendra Gupta
261,Tabu
262,Rakul Preet Singh
263,Jimmy Sheirgill
264,Alok Nath
265,Madhumalti Kapoor
266,Harry Anton
267,Gergo Baranyi
268,Sammy John Heaney
269,Bhavin Bhanushali
270,Arjun Kapoor
271,Sudev Nair
272,Prasanth
273,Santilal Mukherjee
274,Gavie Chahal
275,Mohan Agashe
276,Mohan Joshi
277,Lom Harsh
278,Prabhu Deva
279,Tamannaah Bhatia
280,Bhoomika Chawla
281,Shahid Kapoor
282,Kiara Advani
283,Soham Majumdar
284,Arjan Bajwa
285,Kamini Kaushal
286,Nikita Dutta
287,Amit Sharma
288,Anurag Arora
289,Ayushmann Khurrana
290,Nassar
291,Kumud Mishra
292,Isha Talwar
293,Sayani Gupta
294,Subhrajyoti Barat
295,Sushil Pandey
296,Aakash Dabhade
297,Zakir Hussain
298,Murli Sharma
299,Deepshika Nagpal
300,Karanvir Bohra
301,Priya Banerjee
302,Hrithik Roshan
303,Mrunal Thakur
304,Nandish Singh
305,Virendra Saxena
306,Sadhana Singh
307,Aditya Srivastava
308,Sanket Deshpande
309,Vaibhav Gupta
310,Ali Haji
311,Mahie Gill
312,Pranati Rai Prakash
313,Sudhir Pandey
314,Supriya Pilgaonkar
315,Yashpal Sharma
316,Mukesh Tiwari
317,John Abraham
318,Nora Fatehi
319,Sonam Arora
320,Sahidur Rahaman
321,Manish Chaudhary
322,Anil Rastogi
323,Kranti Prakash Jha
324,Rishi Kapoor
325,Sunny Singh Nijjar
326,Omkar Kapoor
327,Nimisha Mehta
328,Rucha Vaidya
329,Lillete Dubey
330,Gurbachan Singh
331,Rajkummar Rao
332,Amyra Dastur
333,Amrita Puri
334,Natalia Janoszek
335,Nivedita Bhattacharya
336,Mukesh Hariawala
337,Aman Verma
338,Diljit Dosanjh
339,Kriti Sanon
340,Varun Sharma
341,Ronit Roy
342,Seema Bhargava
343,Amit Mehra
344,Sidharth Malhotra
345,Aparshakti Khurana
346,Rajeev Khandelwal
347,Abhimanyu Singh
348,Sameksha
349,Vikram Gokhale
350,Aniruddh Dave
351,Apoorva Arora
352,S.M. Zaheer
353,Zaira Wasim
354,Priyanka Chopra
355,Farhan Akhtar
356,Rohit Saraf
357,Vidya Balan
358,Nithya Menon
359,H.G. Dattatreya
360,Sharman Joshi
361,Sanjay Kapoor
362,Dalip Tahil
363,Jacqueline Fernandez
364,Shraddha Kapoor
365,Prabhas
366,Jackie Shroff
367,Neil Nitin Mukesh
368,Chunky Pandey
369,Arun Vijay
370,Mahesh Manjrekar
371,Evelyn Sharma
372,Nushrat Bharucha
373,Annu Kapoor
374,Raj Bhansali
375,Manjot Singh
376,Richa Chadha
377,Meera Chopra
378,Rahul Bhat
379,Shriswara
380,Kishore Kadam
381,Kruttika Desai
382,Sandhya Mridul
383,Shrikant Yadav
384,Vibhawari Deshpande
385,Sonam Kapoor
386,Dulquer Salmaan
387,Karan Deol
388,Sahher Bambba
389,Simone Singh
390,Ali Fazal
391,Manisha Koirala
392,Satyajeet Dubey
393,Bhavesh Kumar
394,Girish Kulkarni
395,Akhilendra Mishra
396,Asif Basra
397,Neha Joshi
398,Sanaya Irani
399,Shivam Bhaargava
400,Vikram Bhatt
401,Ameet Chana
402,Ananya Sengupta
403,Caroline Wilde
404,Monisha Hassen
405,Sunita Rajwar
406,Abhishek Banerjee
407,Deepika Chikhalia
408,Prateik
409,Anita Raj
410,Ishita Raj
411,Subha Rajput
412,Natasha Stankovic
413,Bobby Deol
414,Pooja Hegde
415,Kriti Kharbanda
416,Rana Daggubati
417,Sharad Kelkar
418,Prakash Jha
419,Viineet Kumar
420,Mouni Roy
421,Gajraj Rao
422,Sumeet Vyas
423,Maanvi Gagroo
424,Atul Kumar
425,Grusha Kapoor
426,Gagan Arora
427,Karishma Sharma
428,Adah Sharma
429,Taher Shabbir
430,Shama Sikander
431,Suraj Pancholi
432,Anil Reji
433,Tannishtha Chatterjee
434,Divya Dutta
435,Sanjay Suri
436,Govind Namdeo
437,Joy Sengupta
438,Sailesh Dubey
439,Bachan Pachehra
440,Athiya Shetty
441,Vibha Chhibber
442,Sanjeev Vatsa
443,Bhumika Dube
444,Devansh Kumar
445,Adi Irani
446,Vikas Anand
447,Kiran Kumar
448,Anil Nagrath
449,Sagarika Neha
450,Laxman Singh Rajput
451,Pradeep Kabra
452,Shilpa Gandhi
453,Jai Yadav
454,Ileana D'Cruz
455,Urvashi Rautela
456,Jamie-Lee Beacher
457,Vikrant Massey
458,Konkona Sen Sharma
459,Parambrata Chattopadhyay
460,Supriya Pathak
461,Vineet Kumar
462,Sarika Singh
463,Vardhan Puri
464,Jessey Lever
465,Sanjana Sanghi
466,Sahil Vaid
467,Kartik Aaryan
468,Angira Dhar
469,Sumeet Thakur
470,Mark Bennington
471,Simran Kaur
472,Atharva Vishwakarma
473,Abhilash Chaudhary
474,Feryna Wazheir
475,Rani Mukerji
476,Shruti Bapna
477,Salman Khan
478,Sudeep
479,Ashwami Manjrekar
480,Nawab Shah
481,Arbaaz Khan
482,Saiee Manjrekar
483,Pramod Khanna
484,Kareena Kapoor
485,Tisca Chopra
486,Gulshan Grover
487,Tanmay Dhanania
488,Anjana Sukhani
489,Yukta Mookhey
490,Auritra Ghosh
491,Saif Ali Khan
492,Kay Kay Menon
493,Raima Sen
494,Sharib Hashmi
495,Rishi Bhutani
496,Herry Tangiri
497,Vaishnavi Dhanraj
498,Swati Rajput
499,Antara Srivastava
500,Rahul Kapoor
501,Suparna Krishna
502,Pitobash
503,Sameer Sharma
504,Zenia Starr
505,Ashmit Patel
506,Manjari Fadnnis
507,Manisha Kelkar
508,Geetanjali Mishra
509,Astad Kale
510,Rajkumar Kanojia
511,Shilpa Kadam
512,Feroz Bhagat
513,Dinesh Lamba
514,Zoya Hussain
515,Rajesh Tailang
516,Shreedhar Dubey
517,Shakti Kumar
518,Chittaranjan Tripathy
519,Sukhesh Mishra
520,Tillotama Shome
521,Alankrita Sahai
522,Raghuvir Yadav
523,Ratna Pathak Shah
524,Rekha Bhardwaj
525,Kunaal Roy Kapur
526,Arunoday Singh
527,Pooja Chopra
528,Juhi Babbar
529,Deepika Padukone
530,Aditi Rao Hydari
531,Jim Sarbh
532,Anupriya Goenka
533,Raza Murad
534,Ujjwal Chopra
535,Komal Chhabria
536,Lankesh Bhardwaj
537,Geetanjali Thapa
538,Zain Khan Durrani
539,Shray Rai Tiwari
540,Saheb Bhattacharjee
541,Chandrayee Ghosh
542,Saurav Das
543,Debopriya
544,Sahil Agarwal
545,Shefali Chauhan
546,Akshay Anand
547,Kabir Bedi
548,Hitesh Bhardwaj
549,Abhay Bhargav
550,Ravi Raj Kande
551,Viju Khote
552,Usha Nadkarni
553,Chetna Pande
554,Daya Shankar Pandey
555,Raghu Raja
556,Pulkit Samrat
557,Satish Kaushik
558,Supriya Karnik
559,Yuvika Chaudhry
560,Payal Rajput
561,Rajesh Bakshi
562,Abhishek Duhan
563,Sumeet Samnani
564,Rajesh Jais
565,Lee Byford
566,Vaunisha Kapoor
567,Lee Nicholas Harris
568,Ty Hurley
569,Shaad Randhawa
570,Saqib Saleem
571,Nidhi Singh
572,Srishti Shrivastava
573,Ayesha Kaduskar
574,Abhilash Thapliyal
575,Santosh Barmola
576,Aisha Ahmed
577,Tarun Anand
578,Gopal Das
579,Mallhar Goenka
580,Saunskruti Kher
581,Omkar Kulkarni
582,Masumeh Makhija
583,Himanshu Malik
584,Sachin
585,Neeraj Kabi
586,Jannat Zubair Rahmani
587,Harsh Mayar
588,Leena Acharya
589,Naveen Kaushik
590,Kali Prasad Mukherjee
591,Priyanka Setia
592,Jaswinder Gardner
593,Shruti Chandana
594,Ashu Sharma
595,Disha Patani
596,Randeep Hooda
597,Deepak Dobriyal
598,Banita Sandhu
599,Gitanjali Rao
600,Sahil Vedoliyaa
601,Isha Chaturvedi
602,Prateek Kapoor
603,Iteeva Pandey
604,Karamveer Kanwar
605,Ashish Ghosh
606,Rachica Oswal
607,Gajaraj
608,Ramya Nambeeshan
609,Indhuja Ravichandran
610,Ishaan Khattar
611,Malavika Mohanan
612,Goutam Ghose
613,Sharada
614,Shashank Shende
615,Hema Singh
616,Akash Gopal
617,Dhwani Rajesh
618,Amruta Santosh Thakur
619,Abhay Deol
620,Patralekhaa Paul
621,Himani Shivpuri
622,Shefali Rana
623,Sapna Choudhary
624,Shreya Narayan
625,Yogesh Raj Mishra
626,Satwant Kaur
627,Shishir Sharma
628,Ashwath Bhatt
629,Jaideep Ahlawat
630,Arif Zakaria
631,Amruta Khanvilkar
632,Kanwaljit Singh
633,Aman Vasishth
634,Kabir Sajid
635,Virti Vaghani
636,Sonali Kulkarni
637,Aamir Bashir
638,Naveen Kasturia
639,Beena Banerjee
640,Neha Chauhan
641,Tina Sood
642,Pawan Mahendru
643,Mantra Mugdh
644,Suneeta Sengupta
645,Alka Amin
646,Diana Penty
647,Anuja Sathe
648,Yogendra Tiku
649,Aditya Hitkari
650,Ajay Shankar
651,Darshan Pandya
652,Ekavali Khanna
653,Maya Sarao
654,Miraya Suri
655,Prisha Dabbas
656,Sahra Khan Sahibi
657,Harshvardhan Kapoor
658,Priyanshu Painyuli
659,Ashish Verma
660,Shreiyah Sabharwal
661,Pratap Phad
662,Chinmay Mandlekar
663,Nishikant Kamat
664,Ram Kishan Dhakad
665,Hrishikesh Joshi
666,Shriya Saran
667,Achyut Potdar
668,Deep Raj Rana
669,Daisy Shah
670,Freddy Daruwala
671,Janhvi Kapoor
672,Aditya Kumar
673,Kharaj Mukherjee
674,Ankit Bisht
675,Shalini Kapoor
676,Aishwarya Narkar
677,Usha Shree
678,Sartaj Ansari
679,Ranbir Kapoor
680,Dia Mirza
681,Anushka Sharma
682,Karishma Tanna
683,Chitrangda Singh
684,Deepak Tijori
685,Pamela Singh Bhutoria
686,Soha Ali Khan
687,Nafisa Ali
688,Dharmesh Yelande
689,Punit Pathak
690,Raghav Juyal
691,Isha Rikhi
692,Neena Gupta
693,Ashrut Jain
694,Simran Nisha
695,Sheetal Thakur
696,Manav Vij
697,Aanchal Chauhan
698,Sunny Hinduja
699,Vijayant Kohli
700,Lokesh Mittal
701,Jitendra Gupta
702,Irrfan Khan
703,Mithila Palkar
704,Amala Akkineni
705,Akash Khurana
706,Donna Munshi
707,Abir Abrar
708,Siddharth Menon
709,Kunal Kapoor
710,Amit Sadh
711,Sunny Kaushal
712,Andrew Havill
713,Manjit Singh
714,Christopher James Burton
715,Aisha Sharma
716,Myrah Dandekar
717,Devdutta Nage
718,Piyush Mishra
719,Jassie Gill
720,Jason Tham
721,Bijou Thaangjam
722,Jeeveshu Ahluwalia
723,Utkarsh Sharma
724,Ishita Chauhan
725,Ayesha Jhulka
726,Dharmendra
727,Sunny Deol
728,Asrani
729,Binnu Dhillon
730,Atul Srivastava
731,Arjun Rampal
732,Sonu Sood
733,Gurmeet Choudhary
734,Siddhant Kapoor
735,Harshvardhan Rane
736,Luv Sinha
737,Avinash Tiwary
738,Tripti Dimri
739,Abrar Qazi
740,Sahiba Bali
741,Benjamin Gilani
742,Parmeet Sethi
743,Farhana Bhat
744,Shagufta Ali
745,Shahana Goswami
746,Om Singh
747,Shruti Sharma
748,Robin Das
749,Durga Sharma Shrivastva
750,Paoli Dam
751,Vipin Katyal
752,Tathastu
753,Sunil Grover
754,Namit Das
755,Saanand Verma
756,Usha Nagar
757,Dev Rajora
758,Divyendu Sharma
759,Sushmita Mukherjee
760,Abhishek Bharate
761,Riya Sisodiya
762,Kiran Khoje
763,Saroj Sharma
764,Bhavik Jain
765,Sonali Jain
766,Rahul Goyal
767,Sai Tamhankar
768,Tahir Raj Bhasin
769,Nazma Ali Shaikh
770,Ashwini Giri
771,Neeraj Sood
772,Purab Kohli
773,Swanand Kirkire
774,Vihaan Das Maskara
775,Manish Anand
776,Raj Babbar
777,Juby Devasia
778,Lata Gandi
779,Gurbani
780,Bikramjeet Kanerwal
781,Mustaq Khan
782,Ehsaas Madan
783,Abhishek Bachchan
784,Jasmin Bajwa
785,Ashnoor Kaur
786,Swairaj Sandhu
787,Neelu Kohli
788,Poonam Shah
789,Priyanka Shah
790,Sukhmani Sadana
791,Jackky Bhagnani
792,Kritika Kamra
793,Perlene Bhersaina
794,Rishi Panchal
795,Neha Reddy
796,Siddharth Bhardwaj
797,Anirban Bhattacharyya
798,Jeetendra Shastri
799,Komal Singh
800,Danish Husain
801,Rohan Vinod Mehra
802,Karan Singh Chhabra
803,Rhea Chakraborty
804,Varun Mitra
805,Digangana Suryavanshi
806,Arya Poorti
807,Mahesh Thakur
808,Govinda
809,Prabhleen Sandhu
810,Sohum Shah
811,Jyoti Malshe
812,Anita Date
813,Ronjini Chakraborty
814,Deepak Damle
815,Kajol
816,Riddhi Sen
817,Tota Roy Chowdhury
818,Neha Dhupia
819,Joakim Skarli
820,Shreya Mehta
821,Sonia Goswami
822,Hiten Patel
823,Anil Dhawan
824,Ashwini Kalsekar
825,Chhaya Kadam
826,Rashmi Agdekar
827,Abhishek Shukla
828,Surekha Sikri
829,Shardul Rana
830,Rahul Tewari
831,Arun Kalra
832,Bo Derek
833,Candy Clark
834,Anneliese van der Pol
835,Mariana Paola Vicente
836,Saru Maini
837,Robert Palmer Watkins
838,Dawn Richard
839,Aishwarya Devan
840,Shahnawaz Khan
841,Zara Khan
842,Mugdha Meharia
843,Tina Desai
844,Manish Vatssalya
845,Govind Namdev
846,Shubhangi Gokhale
847,Scarlett Mellish Wilson
848,Nisa Deys
849,Shakti Kapoor
850,Poonam Pandey
851,Sonal Chauhan
852,Rajdeep Choudhury
853,Sudip Sarangi
854,Sachin Parikh
855,Sakshi Tanwar
856,Mithilesh Chaturvedi
857,Seema Azmi
858,Rahul Bagga
859,Pihu Myra Vishwakarma
860,Preity Zinta
861,Ameesha Patel
862,Amit Mistry
863,Hemant Pandey
864,Mukesh Chhabra
865,Nirmal Rishi
866,Anirudh Tanwar
867,Harish Khanna
868,Shah Rukh Khan
869,Katrina Kaif
870,Madhavan
871,Sara Ali Khan
872,Siddarth Jadhav
873,Vaidehi Parshurami
874,Ulka Gupta
875,Suchitra Bandekar
876,Sulabha Arya
877,Zachary Coffin
878,Angad Bedi
879,Danish Bhatt
880,Ryan Sturz
881,Tusshar Kapoor
882,Prakash Raj
883,Johnny Lever
884,Prachee Shah Paandya
885,Upasna Singh
886,Rajpal Yadav
887,Kitu Gidwani
888,Vibhoutee Sharma
889,Sanjay Gurbaxani
890,Jasmeet Singh Bhatia
891,Paul Varghese
892,Dipannita Sharma
893,Rohit Roy
894,Narendra Jha
895,Suresh Menon
896,Raj Arjun
897,Shubham Chintamani
898,Shubham Tukaram
899,Yug
900,Sagar
901,Loveleen Mishra
902,Utkarsh Mazumdar
903,Prasoon Narayan
904,Avinash Razdan
905,Aamir Khan
906,Fatima Sana Shaikh
907,Lloyd Owen
908,Joe Azzopardi
909,Terence J. Rotolo
910,Sharat Saxena
911,Gurmeet Ram Rahim Singh
912,Honeypreet Insan
913,Arsh Bajwa
914,Richa Meena
915,Inder Pal Singh
916,Om Puri
917,Rahul Singh
918,Milind Gunaji
919,Sagarika Ghatge
920,Rumana Molla
921,Nikhil Pandey
922,Prashantt Guptha
923,Diwakar Kumar
924,Kuldeep Sareen
925,Saharsh Kumar Shukla
926,Rushad Rana
927,Shriswara Dubey
928,Nana Patekar
929,Priyanshu Chatterjee
930,Himansh Kohli
931,Prem Chopra
932,Rati Agnihotri
933,Aayam Mehta
934,Hannah Panneriy
935,Roma Bali
936,Rituraj Singh
937,Yash Sinha
938,Rajendra Sethi
939,Brahma Mishra
940,Leena Prabhu
941,Shiladitya Sen
942,Rahul Patel
943,Rahul Dutta
944,Vishwas
945,Girish
946,Malay Garg
947,Rajiv Khanna
948,Yogendra Vikram Singh
949,Richa Sharma
950,Sweta Sharma
951,Chandrachur Singh
952,Rajat Kapoor
953,Shiv Panditt
954,Lushin Dubey
955,Suraj Sharma
956,Mehreen Pirzada
957,Salima Raza
958,Nidhi Bisht
959,Sunil Mehra
960,Rishabh Arora
961,Mustafa Burmawala
962,Shabbir Burmawala
963,Carla Dennis
964,Mridanjali Rawal
965,Shaurya Singh
966,Karhan Dev
967,Jashan Singh Kohli
968,Priyanka Shukla
969,Manoj Bakshi
970,Swara Bhaskar
971,Mayur More
972,Harsh Hansraj
973,Ishtiyak Khan
974,Vishwa Bhanu
975,Suman Patel
976,Prithviraj Sukumaran
977,Madhurima Tuli
978,Lalit Behl
979,Geetanjali Kulkarni
980,Palomi Ghosh
981,Navnindra Behl
982,Anil K. Rastogi
983,Pallavi Sharda
984,Gauhar Khan
985,Sunny Leone
986,Chloé Booyens
987,Rudhraksh Jaiswal
988,Suchitra Pillai
989,Sippora Zoutewelle
990,Smita Tambe
991,Vaibhav Raj Gupta
992,Hema Malini
993,Vinod Khanna
994,Rajesh Shringarpure
995,Raveena Tandon
996,Madhur Mittal
997,Saheem Khan
998,Piyush Kaushik
999,Kuldeep Sharma
1000,Alisha Khan
1001,Divya Jagdale
1002,Rohini Hattangadi
1003,Bharat Dabholkar
1004,Amardeep Insan
1005,Ashok Insan
1006,Divya Insan
1007,Ishwar Insan
1008,Jaswinder Insan
1009,Manoj Insan
1010,Rajesh Insan
1011,Rakesh Insan
1012,Raman Insan
1013,Randhir Insan
1014,Dalip Sondhi
1015,Greg Kriek
1016,Anisa Butt
1017,Carishma Basday
1018,Seema Biswas
1019,Paula McGlynn
1020,Anirban Chakraborty
1021,Malvika Sitlani
1022,Nishant Dahiya
1023,Chandrachoor Rai
1024,Amrita Bagchi
1025,Aarnaa Sharma
1026,Rajatabha Dutta
1027,Sachin Tendulkar
1028,Mayuresh Pem
1029,Saba Qamar
1030,Dishita Sehgal
1031,Swati Das
1032,Sumit Gulati
1033,Angshuman Nandi
1034,Sahani
1035,Zoya Afroz
1036,Darshan Jariwala
1037,Kiran Juneja
1038,Ankit Arora
1039,Shekhar Shukla
1040,Shreyas Porus Pardiwalla
1041,Babloo Mukherji
1042,Farzil Pardiwalla
1043,Huma Qureshi
1044,Madalina Bellariu Ion
1045,Lisa Ray
1046,Jayesh Raj
1047,Sonal Singh
1048,Samonica Shrivastava
1049,Digvijay Singh
1050,Danish Kohli
1051,Gautam Vig
1052,Arif Bhaldar
1053,Rahul Taneja
1054,Pooja Gajria
1055,Shailesh Upadhyay
1056,Madiha Imam
1057,Shreya Chaudhary
1058,Vikas Verma
1059,Suneel Sinha
1060,Manpreet Toor
1061,Shruti Haasan
1062,Gautam Gulati
1063,Ninad Kamat
1064,Ranjeet
1065,Sohail Khan
1066,Zhu Zhu
1067,Matin Rey Tangu
1068,Jason D'Souza
1069,Bhuvan Arora
1070,Vikram Thapa
1071,Upendra Limaye
1072,Sandesh Kulkarni
1073,Shiv Darshan
1074,Natasha Fernandez
1075,Upen Patel
1076,Lalit Tiwari
1077,Krishan Tandon
1078,Dimppy Ramdayal
1079,Rumi Khan
1080,Soni Kaur
1081,Saswata Chatterjee
1082,Chitrak Bandyopadhyay
1083,Saravajeet Tiwari
1084,Jimmeey Sirole
1085,Ashish Bisht
1086,Simon Frenay
1087,Areesz Ganddi
1088,Gaurav Nanda
1089,Arpita Pal
1090,Raj Suri
1091,Plabita Borthakur
1092,Manoj Babani
1093,Rajveer Ankur Singh
1094,Vibha Tyagi
1095,Ankur Vikal
1096,Parvin Dabas
1097,Abhinav Sharma
1098,Rashmi Jha
1099,Björn Freiberg
1100,Martavious Gayles
1101,Bruce Huther
1102,Attila G. Kerekes
1103,Christina Murphy
1104,Daxesh Patel
1105,Rana Ranbir
1106,Chandan Roy Sanyal
1107,Nidhhi Agerwal
1108,Shubha Khote
1109,Neha Sharma
1110,Karan Kundrra
1111,Tanvi Azmi
1112,Rohit Choudhary
1113,Swati Semwal
1114,Bidita Bag
1115,Shradha Das
1116,Bhagwan Tiwari
1117,Anita Sahgal
1118,Naveen Tyagi
1119,Sanjay Inamdar
1120,Prisha Aneja
1121,Vinti Aneja
1122,Marianne Borgo
1123,Rachel Burnell
1124,Aisha Choudhary
1125,Mukesh Choudhary
1126,Urmila Choudhary
1127,Reshma D'Souza
1128,Diksha Garg
1129,Rahul Godara
1130,Aadar Jain
1131,Anya Singh
1132,Mikhail Yawalkar
1133,Anna Ador
1134,Cyndy Khojol
1135,Sange
1136,Peter Muxka Manuel
1137,Prince Parvinder Singh
1138,Anshul Chauhan
1139,Anmol Bajaj
1140,Mohit Marwah
1141,Kenneth Desai
1142,Mrudula Murali
1143,Kenny Basumatary
1144,R. Bhakti Klein
1145,Aishwarya Rajesh
1146,Rajesh Shringarpore
1147,Purnanand Wandekar
1148,Usha Naik
1149,Esha Tewari
1150,Jason Louder
1151,Aneesha Joshi
1152,Mark Justice
1153,Rupinder Nagra
1154,Catherine Dyer
1155,James Cole
1156,Robin Dyke
1157,Inaamulhaq
1158,Gippy Grewal
1159,Hussain Dalal
1160,Sunil Shetty
1161,Shaheed K. Woods
1162,Hugh Bonneville
1163,Gillian Anderson
1164,Manish Dayal
1165,Michael Gambon
1166,David Hayman
1167,Simon Callow
1168,Vir Das
1169,Payal Ghosh
1170,Bharti Achrekar
1171,Jinal Belani
1172,Shilpa Shinde
1173,Reyhna Malhotra
1174,Archana Shastry
1175,Shekhar Suman
1176,Rahul Verma Rajput
1177,Veer Aryan
1178,Sakshi Dwivedi
1179,Dolly Kaushik
1180,Ankur Bhatia
1181,Archana Gautam
1182,Uttam Halder
1183,Charanpreet Singh
1184,Rina Charaniya
1185,Arvind Gaur
1186,Jasveer Kaur
1187,Amar Singh
1188,Vedita Pratap Singh
1189,Shweta Tripathi
1190,Trimala Adhikari
1191,Irfan Khan
1192,Mohammad Samad
1193,Randheer Rai
1194,Sridevi
1195,Sajal Ali
1196,Adnan Siddiqui
1197,Adarsh Gourav
1198,Padmapriya
1199,Svar Kamble
1200,Dinesh P. Nair
1201,Milind Soman
1202,Sobhita Dhulipala
1203,Ram Gopal Bajaj
1204,Avtaar Singh Sahani
1205,Soundarya Sharma
1206,Pradeep Singh
1207,Taaha Shah Badusha
1208,Sudha Chandran
1209,Ahsaas Channa
1210,Bhushan Vikas
1211,Pawan Singh
1212,Meher Vij
1213,Tirth Sharma
1214,Farrukh Jaffar
1215,Manuj Sharma
1216,Nikita Anand
1217,Shaan
1218,Khushi Hajare
1219,Andrea Jeremiah
1220,Avinash Raghudevan
1221,Siddharth
1222,Suresh
1223,Anisha Victor
1224,K.K. Raina
1225,Navni Parihar
1226,Nayani Dixit
1227,Neha d Bhriguvanshi
1228,Arslan Goni
1229,Parvathy Thiruvothu
1230,Bajrangbali Singh
1231,Zareen Khan
1232,Gautam Rode
1233,Abhinav Shukla
1234,Sofia Hayat
1235,S. Sreesanth
1236,Nayna Bandhopadhyay
1237,Uma Basu
1238,Punya Darshan Gupta
1239,Ravi Jhankal
1240,Anuradha Mukherjee
1241,Amitosh Nagpal
1242,Pranay Narayan
1243,Lalit Parimoo
1244,Malini Sengupta
1245,Vijay Maurya
1246,Malishka Mendonsa
1247,Abhishek Sharrma
1248,Mahesh Pillai
1249,Sindhu Shekharan
1250,Seema Taneja
1251,Ajoy Chakraborty
1252,Raai Laxmi
1253,Kapil Sharma
1254,Monica Gill
1255,Edward Sonnenblick
1256,Anjan Srivastav
1257,Jatinder Kaur
1258,Priya Anand
1259,Vishakha Singh
1260,Farhan Mohammad Hanif Shaikh
1261,Sreejita De
1262,R. Balasubramaniam
1263,Iravati Harshe
1264,Omkar Das Manikpuri
1265,Sushama Deshpande
1266,Sharvani Suryavanshi
1267,Sadiya Siddiqui
1268,Prince Shah
1269,Shashank Singh
1270,Mantra
1271,Shaneel Sinha
1272,Tanima Bhattacharya
1273,Chetan Sharma
1274,Harish Hariaudh
1275,Jagat Singh
1276,Samarth Shandilya
1277,Nimrat Kaur
1278,Lena
1279,Nissar Khan
1280,Kaizaad Kotwal
1281,Zeenat Aman
1282,Sandeep Anand
1283,Kashyap Barbhaya
1284,Sandeep Bhadouria
1285,Razak Khan
1286,Arshin Mehta
1287,Ritika Singh
1288,Mumtaz Sorcar
1289,Radha Ravi
1290,Kaali Venkat
1291,Baljinder Kaur
1292,Krishna Abhishek
1293,Mandana Karimi
1294,Meghna Naidu
1295,Anand Vijay Kumar
1296,Claudia Ciesla
1297,Harshada Kulkarni
1298,Bhuvnesh Mam
1299,Sugandha Garg
1300,Anurita Jha
1301,Chandan Gill
1302,Divya Unny
1303,Samir Sharma
1304,Davinder Daman
1305,Jaswant Daman
1306,Kartick Sitaraman
1307,Aanchal Munjal
1308,Ramesh Deo
1309,Harsh Chhaya
1310,Nadira Babbar
1311,Lara Dutta
1312,Neel Tyagi
1313,Delissa Mehra
1314,Navya
1315,Devansh Sharma
1316,Anita Khosla
1317,Rajniesh Duggall
1318,Nidhi Subbaiah
1319,Arjun Bijlani
1320,Krishna Chaturvedi
1321,Ruhi Singh
1322,Girish Taurani
1323,Navneet Kaur Dhillon
1324,Benaf Dadachandji
1325,Yash Pandit
1326,Shabana Azmi
1327,Abrar Zahoor
1328,Ali Baldiwala
1329,Vikrant Singta
1330,Parthaa Akerkar
1331,Madhu Anand Chandhock
1332,Sukhesh Arora
1333,Balaji Gauri
1334,Dilnaz Irani
1335,K.R. Parmeshwar
1336,Naval Shukla
1337,Ishwak Singh
1338,Salim Diwan
1339,Ashish Vidyarthi
1340,Karuna Pandey
1341,Anuj Sachdeva
1342,Manit Joura
1343,Simpy Singh
1344,Shamin Mannan
1345,Taran Bajaj
1346,Jaswinder Kaur
1347,Rajat Ganguly
1348,Krishna Bansal
1349,Vikrant Chaturvedi
1350,Iman Crosson
1351,Kunal Gupta
1352,Noel Jacobson
1353,Rohan Khatri
1354,Sikander Kher
1355,Birbal Khosla
1356,Kiran Karmarkar
1357,Ayush Mahesh Khedekar
1358,Vega Tamotia
1359,Fawad Khan
1360,Anahita Oberoi
1361,Vikram Kapadia
1362,Pradeep Pradhan
1363,Fahim Shaikh
1364,Niti Apurva Patel
1365,Teddy Maurya
1366,Diya Chalwad
1367,Kazu Patrick Tang
1368,Prashanti Talpankar
1369,Nathalia Kaur
1370,Paromita Chatterjee
1371,Tara-Alisha Berry
1372,Gaurav Arora
1373,Hiten Tejwani
1374,Rukhsar Rehman
1375,Dinesh Chaturvedi
1376,Vishnu Sharma
1377,Rinki Singhvi
1378,Anant Kumar
1379,Umar Sharif
1380,Carolina Main
1381,Shriya Pilgaonkar
1382,Puja Panchkoty
1383,Riya Shukla
1384,Neha Prajapati
1385,Prashant Tiwari
1386,Vishal Nath
1387,Ganesh Kumar
1388,Piaa Bajpai
1389,Meenakshi Dixit
1390,Kumar Saurabh
1391,Jai Hind Kumar
1392,Sudheer Babu Posani
1393,Paras Arora
1394,Sandeepa Dhar
1395,Leena Balodi
1396,Kartik Elangovan
1397,Vinay Forrt
1398,P.T. Manoj
1399,Yadu Sankalia
1400,Tippu
1401,Lisa Haydon
1402,Ram Kapoor
1403,Tinnu Anand
1404,Ayub Khan
1405,Prasenjit Chatterjee
1406,Amol Parashar
1407,Nikita Thukral
1408,Vishal Karwal
1409,Surendra Pal
1410,Charu Rohatgi
1411,Siraj Mustafa
1412,Jalpa Bhatt
1413,Vishal Malhotra
1414,Prachi Desai
1415,Mohit Chhabra
1416,Anikie Maguire
1417,Aanchal Dwivedi
1418,Pallavi Joshi
1419,Gopal K. Singh
1420,Sanjay Singh
1421,Natalya Llina
1422,Surendra Rajan
1423,Kirran Sharad
1424,Yajuvendra Singh
1425,Amitabh Acharya
1426,Arvind Swamy
1427,Himanshu Sharma
1428,Bhavika Bhasin
1429,Yashaswini Dayama
1430,Satyadeep Misra
1431,Arush Nand
1432,Aishwarya Rai Bachchan
1433,Shiwani Saini
1434,Ankita Shrivastav
1435,Arbaaz Ali Khan
1436,Sandeep Bharadwaj
1437,Usha Jadhav
1438,Kajal Aggarwal
1439,Snehal Kulshreshtha
1440,Mamik Singh
1441,Sabyasachi Chakrabarty
1442,Padmavati Rao
1443,Suhail Nayyar
1444,Prabhjyot Singh
1445,Hazel Croney
1446,Devshi Khanduri
1447,Ruslaan Mumtaz
1448,V. Ravichandran
1449,Chandan Kumar
1450,P. Ravi Shankar
1451,Sadhu Kokila
1452,Srujan Lokesh
1453,Sammir Dattani
1454,Sudharani
1455,Nikesha Patel
1456,Natasa Stankovic
1457,Kettan Singh
1458,Ankur Jain
1459,Anuschka Sawhney
1460,Deepali Suryakant Badekar
1461,Ashok Lokhande
1462,Harssh Singh
1463,Gulshan Devaiah
1464,Hrishitaa Bhatt
1465,S. Poonam Kaur
1466,Khushboo Upadhyay
1467,Sanjay Mehandiratta
1468,Amaan f Khan
1469,Jayati Bhatia
1470,Jayesh Bhatia
1471,Vinay Jain
1472,Krrish Chhabria
1473,Hetal Gada
1474,Gulfam Khan
1475,Idhant Singh
1476,Swastik Ram Chavan
1477,Narendar Singh Rajpurohit
1478,Vincent Daniel
1479,Harmeet Arora
1480,Sanjana Singh
1481,Avinash Dhyani
1482,Tulna Butalia
1483,Meenu Bhardwaj
1484,Raja Bundela
1485,Shweta Giri
1486,Haider Khan
1487,Hyder Khan
1488,Mobin Khan
1489,Mohsin Khan
1490,Kubbra Sait
1491,Marko Zaror
1492,Hans Marrero
1493,Tyron Woodley
1494,Ron Smoorenburg
1495,Shashank Arora
1496,Chaitanya Varad
1497,Vaishwath Shankar
1498,Sindhu Sreenivasa Murthy
1499,Subholina Sen
1500,Anula Navlekar
1501,Sid Mallya
1502,Biswa Kalyan Rath
1503,Puja Bose
1504,Kangna Sharma
1505,Ketan Karande
1506,Adhyayan Suman
1507,Aaryansh Arora
1508,Sanskkriti Jain
1509,Narendra Jetley
1510,Tom Alter
1511,Raaghav Chanana
1512,Ira Dubey
1513,Rahil Gilani
1514,Barry John
1515,Santosh Ojha
1516,Beatrice Ordeix
1517,Lili Rocha
1518,Vishesh Bansal
1519,Tushar Dalvi
1520,Nitish Pandey
1521,Rahul Dev
1522,Gemma Atkinson
1523,Ankita Makwana
1524,Caterina Murino
1525,Victor Banerjee
1526,Sahil Anand
1527,Niyati Joshi
1528,Divvya Chouksey
1529,Nilesh Lalwani
1530,Jayaka Yagnik
1531,Sareh Far
1532,Suhasini Mulay
1533,Nitish Bharadwaj
1534,Kishori Shahane
1535,Niharica Raizada
1536,Rajat Barmecha
1537,Lucy Pinder
1538,Tim Man
1539,Aditya Raj
1540,Karamveer Choudhary
1541,Sheetal Khandal
1542,Nathan Jones
1543,Gaurav Pandey
1544,Amy Jackson
1545,Suzanna Mukherjee
1546,Hargun Grover
1547,Trupti Agarwal
1548,Andrea Tariang
1549,Raashul Tandon
1550,Dhritiman Chatterjee
1551,Lehar Khan
1552,Surveen Chawla
1553,Dinesh Pradhan
1554,Kanwar Jagdish
1555,Tarun Jasor
1556,Praveen Choudhary
1557,Ram Menon
1558,Uday Sabnis
1559,Janardhan Parab
1560,Luke Kenny
1561,Sheeba George
1562,Yash Soni
1563,Sameer Kochhar
1564,Sana Sheikh
1565,Uttara Baokar
1566,Ashwin Mushran
1567,Mithun Rodwittiya
1568,Jimmy Sharma
1569,Sanjay Dadich
1570,Zeeshaan
1571,Mithu Chakraborty
1572,Bhushan Insan
1573,Charanpreet Insan
1574,Garima Insan
1575,Kainaat Insan
1576,Sukhottam Insan
1577,RJ Balaji
1578,Karishma Gulati
1579,Hema
1580,Farah Khan
1581,Ravi Khanna
1582,R.V. Udhaya Kumar
1583,Joy Mathew
1584,Saurav Chakraborty
1585,Shashank Udapurkar
1586,Tanishaa Mukerji
1587,Anant Jog
1588,Shubham
1589,Swati Kapoor
1590,Uday Tikekar
1591,Shalini Arora
1592,Paritosh Sand
1593,Shivani Gosain
1594,Hemant Dhome
1595,Anushkaa Singh
1596,Aditi Sharma
1597,Jatin Sarna
1598,Vipul Vig
1599,Daniel Weber
1600,Rajeev Verma
1601,Aashish Bhatt
1602,Uplaksh Kochhar
1603,Megh Pant
1604,Pankaj Chaudhary
1605,Mukesh Agrohari
1606,Pramod Pathak
1607,Shreyas Pandit
1608,Rajesh Singh
1609,Mandar Shende
1610,Abigail Eames
1611,Erika Kaar
1612,Sayyeshaa Saigal
1613,Girish Karnad
1614,Sandeep Shrivastava
1615,Amit Behl
1616,Vikas Shorey
1617,Gashmeer Mahajani
1618,Reecha Sinha
1619,Imran Abbas
1620,Pooja Mehta
1621,Cru Fox
1622,Jamil Ahmed
1623,Phyl Cashman
1624,Aashim Gulati
1625,Sonia Balani
1626,Jaspreet Singh
1627,Alishah Ahmad
1628,Emma Sarah Richardson
1629,Priyanka Moodley
1630,Prateek Jain
1631,Ali Zafar
1632,Bobby Duggal
1633,Darwin
1634,Vaani Kapoor
1635,Elisa Bachir Bey
1636,Akarsh Khurana
1637,Julie Ordon
1638,Vincent Paquot
1639,Pauline Deshons
1640,Hugo Diego Garcia
1641,Aru Krishansh Verma
1642,Devendra Chowhan
1643,Vidushi Mehra
1644,Priya Tandon
1645,Rahul Chahan
1646,Suha Gezen
1647,Eijaz Khan
1648,Sonarika Bhadoria
1649,Amir Dalvi
1650,Neetha Shetty
1651,Jaya Bachchan
1652,Abhiroy Singh
1653,Ratnesh Mani
1654,N. Madhusudan
1655,Tanvir Singh
1656,Sana Khaan
1657,Himmanshoo A. Malhotra
1658,Prarthana Behere
1659,Sherlyn Chopra
1660,Suhani Bhatnagar
1661,Ritvik Sahore
1662,Saiyami Kher
1663,Art Malik
1664,Anuj Choudhry
1665,Arman Kohli
1666,Aashika Bhatia
1667,Raj Awasti
1668,Lakha Lakhwinder Singh
1669,Nagesh Bhonsle
1670,Arohi Radhakrishnan
1671,Lauren Gottlieb
1672,Jineet Rath
1673,Akanksha Nehra
1674,Harshaali Malhotra
1675,Alka Badola Kaushal
1676,Aditya Pancholi
1677,Vaibhav Tatwawaadi
1678,Dimple Kapadia
1679,Shiney Ahuja
1680,Sushant Singh
1681,Mikaal Zulfiqar
1682,Hasan Noman
1683,Yograj Singh
1684,Pradeep Singh Rawat
1685,Arfi Lamba
1686,Jitendra Trehan
1687,Suman
1688,Vikas Shrivastav
1689,Rakhi Sawant
1690,Ashima Sharma
1691,Bipasha Basu
1692,Karan Singh Grover
1693,Nilima Priya
1694,Sanjay Sharma
1695,Deepti Naval
1696,Zayed Khan
1697,Rannvijay Singh
1698,Talia Bentson
1699,Malaika Arora
1700,Karan Ashar
1701,Karim Hajee
1702,Umar Raza Khan
1703,Naman Jain
1704,Sapna Pabbi
1705,Debina Choudhary
1706,Mita Vasisht
1707,Kakar Vinit
1708,Jitendra Barsiwal
1709,Farida Dadi
1710,Kanchan Awasthi
1711,Imran Hasnee
1712,Jatin Khurana
1713,Avinash Kumar
1714,Dhanush
1715,Akshara Haasan
1716,Abhinaya
1717,Pete Meads
1718,Rukmini Vijayakumar
1719,Pratik
1720,Sonamani
1721,Rajeev
1722,Barun Chanda
1723,Pratima Kazmi
1724,Kushal Punjabi
1725,Siddharth Sharma
1726,Anang Desai
1727,Jyoti Gauba
1728,Yash Ghanekar
1729,Smera Jadhav
1730,Vijay Kashyap
1731,Prasad Reddy
1732,Danish Akhtar
1733,Sonia Bindra
1734,Faezeh Jalali
1735,Dhami
1736,Jitendra Kaur
1737,Sukhwinder Virk
1738,Raj Zutshi
1739,Bobby Bedi
1740,Kumar Sanu
1741,Devika Vatsa
1742,Awadhesh Mishra
1743,Mallika Sherawat
1744,Daniel Kaleb
1745,Jayshree Soni
1746,Olexandra Semen
1747,Gaurav Gera
1748,Raju Pandit
1749,Sidhant Gupta
1750,Gunjan Malhotra
1751,Karan Veer Mehra
1752,Ishwari Bose-Bhattacharya
1753,Mohan Kapoor
1754,Ganesh Acharya
1755,Maninder Singh
1756,Nupur Sharma
1757,Hanif Hilal
1758,Indira Krishnan
1759,Kurush Deboo
1760,Neil Bhoopalam
1761,Tanya Purohit
1762,Kanchan Sharma
1763,Tushar Grover
1764,Veera Saxena
1765,Rachel D'Souza
1766,Hansa Singh
1767,Divya Shah
1768,Sagar Deshmukh
1769,Nina Kulkarni
1770,Anand Tiwari
1771,Divya Menon
1772,Swastika Mukherjee
1773,Meiyang Chang
1774,Taka Higuchi
1775,Shivam
1776,Kaushik Ghosh
1777,Karishma Kotak
1778,Vira Sathidar
1779,Vivek Gomber
1780,Pradeep Joshi
1781,Shirish Pawar
1782,Usha Bane
1783,Revathy
1784,Tenzing Dalha
1785,Kuljeet Singh
1786,Malhar Khushu
1787,William Moseley
1788,Jose Rivera
1789,Shuchi Dwivedi
1790,Mohit Ahlawat
1791,Jay Bhanushali
1792,Jas Arora
1793,Shivani Tanksale
1794,Ehsaan Qureshi
1795,Nausheen Ahmed
1796,Girish Thappar
1797,Tanmay Bhat
1798,Auroshika Dey
1799,Arjun Fauzdar
1800,Swaroopa Ghosh
1801,Natalia Kapchuk
1802,Prachi Mishra
1803,Deepaq Sharma
1804,Mugdha Godse
1805,Navdeep Chhabra
1806,Suchita Trivedi
1807,Mehul Buch
1808,Prashant Kapoor
1809,Priyanka Sharma
1810,Avantika Khatri
1811,Moushumi Chatterjee
1812,Jishu Sengupta
1813,Balendar Singh
1814,Sajal Bhattacharya
1815,Rupsa Banerjee
1816,Karan Johar
1817,Siddartha Basu
1818,Vivaan Shah
1819,Shakti Anand
1820,Arun Bali
1821,Vedant Bali
1822,Sunita Dhir
1823,Gurpreet Ghuggi
1824,Mannat
1825,Karaan Singh
1826,Shefali Shah
1827,Rahul Bose
1828,Kumud Pant
1829,Ayub Khoso
1830,Adnan Shah
1831,Kubra Khan
1832,Indrajeet Soni
1833,Bharat Jadhav
1834,Chinmay Jadhavrao
1835,Deepak Shirke
1836,Mushtaq Khan
1837,Aanand Kale
1838,Vedish
1839,Yash Acharya
1840,Navina Bole
1841,Hetvi Charla
1842,Pankaj Kalra
1843,Pratham Kalra
1844,Jenna Khan
1845,Ayyan Mallik
1846,Sara Khan
1847,Paras Chhabra
1848,Mohit Baghel
1849,Sheena Bajaj
1850,Lavin Gothi
1851,Vinti Idnani
1852,Jyoti Kalash
1853,Yukti Kapoor
1854,Hussain Khan
1855,Rishi Verma
1856,Priyanka Mehta
1857,Manjul Azad
1858,Abid Yunus Khan
1859,Mimoh Chakraborty
1860,Kavin Dave
1861,Mohit Dutta
1862,Shaurya Chauhan
1863,Jhanvi Desai
1864,Nisha Lalwani
1865,Alekh Sangal
1866,Aman Uppal
1867,Bhupesh Singh
1868,Satya Kam Anand
1869,Saurabh Chadhary
1870,Dibyendu Bhattacharya
1871,Rajiv Gupta
1872,Sneha Ullal
1873,Nishant
1874,Farida Jalal
1875,Muni Jha
1876,Smita Jaykar
1877,Alex Ashman
1878,Jitu Pandya
1879,Palash Sen
1880,Geeta Basra
1881,Maya Alagh
1882,Navin Chowdhry
1883,Jiten Mukhi
1884,Virag Mishra
1885,Smitha Gondkar
1886,Sameer Khan
1887,Reema Lagoo
1888,Adithya Menon
1889,Mohnish Nawani
1890,Sunil Pal
1891,Kavita Radheshyam
1892,Kumar Siddharth
1893,Sodi Sultan
1894,Mrunal Jadhav
1895,Prasanna Ketkar
1896,Yogesh Sonam
1897,Prathamesh Parab
1898,Rishab Chadha
1899,Michalina Olszanska
1900,Asin
1901,Meghan Jadhav
1902,Deepak Saksule
1903,Bhavita Anand
1904,Rakesh Bedi
1905,Neha Pawar
1906,Tigmanshu Dhulia
1907,Shamim Khan
1908,Suhaas Ahuja
1909,Imran Khan
1910,Suparna Marwah
1911,Gavin N. Methalaka
1912,Jimesh Patel
1913,Chandan Raina
1914,Abhishek Saha
1915,Aakash Dahiya
1916,Shadab Kamal
1917,Mukul Dev
1918,RooheMeet Insan
1919,Sahil Insan
1920,Shan e Meet Insan
1921,Sukhwinder Singh Insan
1922,Rohit Khurana
1923,Arpit Ranka
1924,Akanksha Puri
1925,Avani Modi
1926,Kyra Dutt
1927,Satarupa Pyne
1928,Zoa Morani
1929,Manasi Scott
1930,Sara Arjun
1931,Narendra Bedi
1932,Reena Charnya
1933,Bomie E. Dotiwala
1934,Subrat Dutta
1935,Zakir Husain
1936,Meera
1937,Parveen Kaur
1938,Faisal Khan
1939,Inayat Sharma
1940,Simran Kaur Mundi
1941,Sai Lokur
1942,Elli Avrram
1943,Diganth
1944,Anushka Ranjan
1945,Karan V. Grover
1946,Pankaj Kapur
1947,Sushma Seth
1948,Niki Walia
1949,Sanah Kapoor
1950,Vikas Verman
1951,Niharika Singh
1952,Zeena Bhatia
1953,Menka Lalwani
1954,Ragesh Asthana
1955,Premnath Gulati
1956,Kuldeep Rajput
1957,Payel Sarkar
1958,Aparna Sharma
1959,Mann Bagga
1960,Gurfareen Bano
1961,Maanuv Bharadwaj
1962,Tarun Bhargawa
1963,Aashish Chauhan
1964,Khwaish Gupta
1965,Priyanka Panchal
1966,Nirmal Pant
1967,Manish Paul
1968,Pooja Thakur
1969,Rudra Kaushik
1970,Avya Agarwal
1971,Avinash Dwivedi
1972,Sanjeev Kumar
1973,Amjad Khan
1974,A.K. Hangal
1975,Satyendra Kapoor
1976,Iftekhar
1977,Leela Mishra
1978,Salman Shahid
1979,Hasleen Kaur
1980,Aham Sharma
1981,Tanya Malik
1982,Ankit Raaj
1983,Gopi Desai
1984,Manish Gupta
1985,Anita Kanwar
1986,Aditya Lakhia
1987,Lakshminarayan Shastri
1988,Yuvraj Haral
1989,Anuj Saxena
1990,Prabhakar Srinet
1991,Indrani Haldar
1992,Avalok Nagpal
1993,Shubh
1994,Sangita Sonali
1995,Mohnish Bahl
1996,Sharad S. Kapoor
1997,Aariyan Gupta
1998,Amita Udgata
1999,Anshikaa Shrivastava
2000,Ariana Ayam
2001,Indrapal Ahuja
2002,Neha Baam
2003,Vikram Dahiya
2004,Rakesh Deewana
2005,Rajesh Gupta
2006,Abizer Hyderabadwala
2007,Jassi
2008,Javed
2009,Juli
2010,Vikram Raj Bhardwaj
2011,Geet Sharma
2012,Shradha Kaul
2013,Yoshika Verma
2014,Preeti Desai
2015,Jayant Kripalani
2016,Anish Trivedi
2017,Geetika Tyagi
2018,Preetika Chawla
2019,Erica Fernandes
2020,Durgesh Kumar
2021,Pradeep Nagar
2022,Hemant Mathur
2023,Shakeel Khan
2024,Mohit Choudhary
2025,Reuben Israel
2026,Arjun Malhotra
2027,Sampat Pal Devi
2028,Ram Dulari
2029,Devrati
2030,Babu
2031,Soondhi
2032,Chandrakali
2033,Bharat Patel
2034,Hemlata Patel
2035,Husna Jahan
2036,Jayprakash Shivhare
2037,Gautami Kapoor
2038,Ila Arun
2039,Juhi Chawla
2040,Priyanka Bose
2041,Lata S. Singh
2042,Jeffrey Ho
2043,Marco Canadea
2044,Guithob Joseph
2045,Tripta Lakhanpal
2046,Chinmay Chandraunshuh
2047,Swedha Singh
2048,Kiron Kher
2049,Anuj Pandit
2050,Vic Waghorn
2051,Carol McFadden
2052,Steve Keefe
2053,Mahek Chahal
2054,Tarun Arora
2055,Shashi Wadia
2056,Monali Thakur
2057,Saahil Prem
2058,Soniya Mehra
2059,Anita Hassanandani Reddy
2060,Karan Taluja
2061,Kainaz Motivala
2062,Harman Baweja
2063,Ayesha Khanna
2064,Sumit Nijhawan
2065,Shilpa Shetty Kundra
2066,Mahendra Shrivas
2067,Taranjit Kaur
2068,Alka Chatwal
2069,Leeza Mangaldas
2070,Lezlie Tripathy
2071,Sonal Giani
2072,Raaj Singh Arora
2073,Danish Pandor
2074,Abhey Jit Attri
2075,Bilal Amrohi
2076,Sarah-Jane Dias
2077,Zara Sheikh
2078,Sandeep Singh
2079,Javed Sheikh
2080,Shivkumar Subramaniam
2081,Sharang Natarajan
2082,Ravi Gossain
2083,Saidah Jules
2084,Gary Richardson
2085,Parth Bhalerao
2086,Shankar Sachdev
2087,Daljeet Singh Gujral
2088,Arvinder Bhatti
2089,Rimple Dhindsa
2090,Rose J. Kaur
2091,Atul Mathur
2092,Kanika Batra
2093,Rohiet Nair
2094,Sameer Kevin Roy
2095,Hardik Sha
2096,Vivek Shah
2097,Rahul Dev Shetty
2098,Siddhanth Sundar
2099,Farooq Shaikh
2100,Kayoze Irani
2101,Madalsa Sharma
2102,Gopal Dutt
2103,Indraneil Sengupta
2104,Puja Gupta
2105,Tanuj Virwani
2106,Izabelle Leite
2107,Raghav Raj Kakker
2108,Kashyap Kapoor
2109,Param Baidwaan
2110,Kannan Arunachalam
2111,Biswanath Basu
2112,Roopali Krishnarao
2113,Ravi Singh
2114,Chitragupta Sinha
2115,Ashu Trikha
2116,Anjori Alagh
2117,Aarun D. Baliean
2118,Saksham Dayma
2119,Rajesh Khattar
2120,Nalneesh
2121,Sharad Ponkshe
2122,Ganesh Yadav
2123,Santosh Juvekar
2124,Alok Rajwade
2125,Jaywant Wadkar
2126,Istiyak Khan
2127,Aishwarya Mehta
2128,Vinod Nahardih
2129,Himesh Reshammiya
2130,Yo Yo Honey Singh
2131,Sonali Raut
2132,Rucha Inamdar
2133,Shatrunjay Devvrat
2134,Partho A. Gupte
2135,Devraya Gole
2136,Rekha Kamat
2137,Sanjay Tripathi
2138,Hardik Raheja
2139,Srishti Sharma
2140,Eesha Agarwal
2141,Gajendra Chouhan
2142,Sonia Mann
2143,Abhishek Sethiya
2144,Siddharth Gupta
2145,Vinod Rawat
2146,Gautam Berde
2147,Vaibhavi Upadhyay
2148,Atul Mongia
2149,Reema Debnath
2150,Saurabh Dubey
2151,Hritu
2152,Abhinav Jain
2153,Sakha Kalyani
2154,Yug Mahnot
2155,Avinash Mukkanawar
2156,Saandesh Nayak
2157,Simer Motiani
2158,Navdip Singh
2159,Rishi Miglani
2160,Apexa Verma
2161,Jeetendra Gupta
2162,Dhirendra Gupta
2163,Vibhav Bhisht
2164,Abbas Ali Khan
2165,Anshuman Jha
2166,Suruchi Aulakh
2167,Faiz Khan
2168,Shameem Khan
2169,Aamna Sharif
2170,Jack Wayne
2171,Nihar Gite
2172,Satish Shah
2173,Sidharth Shukla
2174,Mahnaz Damania
2175,Siddharth Kher
2176,Neha Kaul
2177,Pavitra Sarkar
2178,Bikramjeet Kanwarpal
2179,Yashahlawat
2180,Vijay Singh
2181,Armaan Jain
2182,Deeksha Seth
2183,Rajesh Khanna
2184,Aryeman Ramsay
2185,Aryan Vaid
2186,Vishwajeet Pradhan
2187,Anindita Nayar
2188,Kavi Shastri
2189,Ashok Nagpaul
2190,Khalida Khan
2191,Ntasha Bhardwaj
2192,Pooja Ruparel
2193,Duboree Das
2194,Sumeet Raghvan
2195,Cherry Mardia
2196,Gireesh Sahedev
2197,Vijender Singh
2198,Kunickaa Sadanand
2199,Sana Saeed
2200,Reshmi Ghosh
2201,Jeet Goswami
2202,Rajeshwari Sachdev
2203,Parvathy Omanakuttan
2204,D. Santosh
2205,Sonali Sachdev
2206,Vrajesh Hirjee
2207,Dayanand Shetty
2208,Sonalee Kulkarni
2209,Humaima Malik
2210,Tarun Dudeja
2211,Sunil Thapa
2212,Rajni Basumatary
2213,Lin Laishram
2214,Basilo Dias
2215,Kevin D'Mello
2216,Urcelina Mascarenhas
2217,Ankur Tewari
2218,Meher Verma
2219,Salil Acharya
2220,Archana Puran Singh
2221,Sumona Chakravarti
2222,Amrit Maghera
2223,Salah Benlemqawanssa
2224,Akilesh Unnitan
2225,Jon Jo
2226,Alieesa P Badresia
2227,Rafiq Batcha
2228,Chrissy Chambers
2229,Cru Jones
2230,Dick Mays
2231,Joe O'Shea
2232,David Peirce
2233,Suresh Sheregar
2234,Manoj Amarnani
2235,Nancy Brunetta
2236,Anokhi Dalvi
2237,Parth Naik
2238,Sunaina Verma
2239,Sasha Aagha
2240,Tia Bajpai
2241,Nishikant Dixit
2242,Steven a Dsouza
2243,Akhil Kapur
2244,Kamlesh Gill
2245,Mansha Bahl
2246,Subhasree Ganguly
2247,Rohit Raj
2248,Karan Wahi
2249,Beena Malji
2250,Falguni Desai
2251,Aashish Raj Bidkikar
2252,Arvind Vahi
2253,Shela Naidu
2254,Syed Akhar
2255,Gabriela Bertante
2256,Mikhill Chandiramani
2257,Akram Khan
2258,Mika Singh
2259,Vindu Dara Singh
2260,Harshvardhan Deo
2261,Nikhil Dwivedi
2262,Damandeep Singh
2263,Vijay Pande
2264,Talib Mehdi
2265,Tushar Phulke
2266,Mahesh Gupta
2267,Prasad Labhe
2268,Fareed Khan
2269,Raj Chauhan
2270,Veena Malik
2271,Joe Debroy
2272,Aparna Bajpai
2273,Vije Bhatia
2274,Puru Chibber
2275,Rashee Bindal
2276,Kashmira Kulkarni
2277,Deepak Sinha
2278,Irfan Razaa Khan
2279,Aaditya Jaiswal
2280,Anurag Kashyap
2281,Sajid Khan
2282,Gauri Khan
2283,Rekha
2284,Randhir Kapoor
2285,Shweta Kumar
2286,Rajeev Bhardwaj
2287,Vishakha Subhedar
2288,Supriya Kumari
2289,Nandana Sen
2290,Jim Boeven
2291,Aadil Chahal
2292,Ahran Chaudhary
2293,Pranay Dixit
2294,Virendra Singh Ghuman
2295,Achint Kaur
2296,Ali Quli Mirza
2297,Diksha Basu
2298,Adhir Bhat
2299,Adam Laupus
2300,Lethia Nall
2301,Avtar Gill
2302,Anisha Kapoor
2303,Pragya Jaiswal
2304,Nandini Singh
2305,Aanchal Singh
2306,Puja Ballutia
2307,Chander Kalra
2308,Balwinder Begowal
2309,Renu Mohali
2310,Kader Khan
2311,Rahul Nath
2312,Vinod Acharya
2313,Mona Singh
2314,Mannara Chopra
2315,Karanvir Sharma
2316,Seerat Kapoor
2317,Manasvi Mamgai
2318,Byron Gibson
2319,Anandraj
2320,Mischa Barton
2321,Martin Sheen
2322,Kal Penn
2323,Lisa Dwan
2324,Martin Brambach
2325,Anupam Maanav
2326,Saranya Mohan
2327,Nishan
2328,Shenaz Treasury
2329,Danny Sura
2330,Maia Sethna
2331,Tejaswini Kolhapure
2332,Sandesh Jadhav
2333,Murari Kumar
2334,Abir Goswami
2335,Parikshat Sahni
2336,Amardeep Jha
2337,Dheerendra Dwivedi
2338,Lekha Washington
2339,Arya Babbar
2340,Mayank Tewari
2341,Aditi Vasudev
2342,Karan Mirchandani
2343,Krishna Singh Bisht
2344,Rukshana Tabassum
2345,Dilip Prabhavalkar
2346,Rohini Ramanathan
2347,Asif Anis Khan
2348,Sarita Joshi
2349,Gautam Mehra
2350,Paresh Ganatra
2351,Namit Shah
2352,Raj Premi
2353,Rajan Verma
2354,Misti Mukherjee
2355,Mohammed S. Burmawala
2356,Ilhan Kizilkaya
2357,Arshad Khan
2358,Ashish Kotwal
2359,Aditya Om
2360,Siddhant Karnick
2361,Oroon Das
2362,Kriti Panth
2363,Vidya Bhushan
2364,Viren Basoya
2365,Minissha Lamba
2366,Charmy Kaur
2367,Digvijay Deshmukh
2368,Ashish Kakkad
2369,Morli Patel
2370,Akash
2371,Shilpa Anand
2372,Tripta Parashar
2373,Vishwa Mohan Badola
2374,Ranjan Chhabra
2375,Sitaram Panchal
2376,Disha Pandey
2377,Pragati Pandey
2378,Mrinalini Sharma
2379,Asheesh Kapur
2380,Prithviraj Choudhary
2381,Kaajal Vashisht
2382,Sailesh Singh
2383,Vishaarad Sharan
2384,Konrad Thorpe
2385,Kayaan C. Contractor
2386,Prabal Panjabi
2387,Benazir Shaikh
2388,Savita Bhatti
2389,Wilhelmina McFadden
2390,Rajeev Siddhartha
2391,Dinesh Uniyal
2392,Asha Bhosle
2393,Kshitee Jog
2394,Shivani Joshi
2395,Navin Kaushik
2396,Kamal Haasan
2397,Shekhar Kapur
2398,Pooja Kumar
2399,Samrat Chakrabarti
2400,Miles Anderson
2401,Akshara Gowda
2402,Rishikesh Deshpnade
2403,Visshesh Tiwari
2404,Bhavesh Balchandani
2405,Pallavi Batra
2406,Leena Jumani
2407,Pooja Salvi
2408,Gaelyn Mendonca
2409,Sanjeev Bhatt
2410,Rufy Khan
2411,Purva Naresh
2412,Nipun Dharmadhikari
2413,Nikhil Ratnaparkhi
2414,Him Dayal Singh
2415,Vishwanath Chatterjee
2416,Falguni Rajani
2417,Nilofer Raza
2418,Hsieh Chang Hai
2419,Nelson Liao Sheng Hua
2420,Ishita Vyas
2421,Sukhwinder Chahal
2422,Sunil Uppal
2423,Chand Kishore
2424,Grant Powell
2425,Sadashiv Amrapurkar
2426,Hardik Malaviya
2427,Riya Vij
2428,Isabelle Adjani
2429,Gaurav Chanana
2430,Riya Sen
2431,Aanoushka
2432,Kamal Adib
2433,Dolly Ahluwalia
2434,Ajay Trehan
2435,Shijkant
2436,Rupa Bhimani
2437,Vivaan Bhimani
2438,Shilpi Marwaha
2439,Suraj Singh
2440,Nisha Jindal
2441,Jatin Grewal
2442,Amar Kaushik
2443,Raj Kumar Gupta
2444,Ashish Ranglani
2445,Vivek Vaswani
2446,Ganesh Venkatraman
2447,Dev Goel
2448,Rajat Rawall
2449,Japtej Singh
2450,Wamiqa Gabbi
2451,Mehak Manwani
2452,Highphill Mathew
2453,Akshay Kapoor
2454,Priyanka Upendra
2455,Hussan Saad
2456,Maryam Zakaria
2457,Neha Hinge
2458,Bunty Grewal
2459,Shobhit Khanduri
2460,Howard Rosemeyer
2461,Aditya Shivkumar
2462,Shivam Patil
2463,Vishal Bhonsle
2464,Ranbir Chakma
2465,Sheetal Singh
2466,Rohan Khurana
2467,Chirag Lobo
2468,Tanuka Laghate
2469,Nikhil Desai
2470,Priya Bhatija
2471,Anshul Kataria
2472,Paru Uma
2473,Alok Chaturvedi
2474,Nitin Goel
2475,Chandrahas Tiwari
2476,Hemant Gopal
2477,Joy Mukherjee
2478,Waheeda Rehman
2479,Shobha Sharma Jassi
2480,Geeta Agrawal Sharma
2481,Amitabh Srivasta
2482,Khushi Mathur
2483,N.K. Pant
2484,Sonali Bendre
2485,Sophiya Chaudhary
2486,Vidya Malvade
2487,Raashi Khanna
2488,Vishnu Govindhan
2489,Dinesh Nair
2490,Avijit Dutt
2491,Poonam Dhillon
2492,Sathyaraj
2493,Nikitin Dheer
2494,Priyamani
2495,Kainaat Arora
2496,Bruna Abdullah
2497,Shernaz Patel
2498,Nishant Malkani
2499,Hassan Zaidi
2500,Ravish Desai
2501,Radhika Menon
2502,Nandini Vaid
2503,Bikramjeet Singh
2504,Masood Akhtar
2505,Padmini Kolhapure
2506,Shiva Natrajan
2507,Rana Jung Bahadur
2508,Aida Elkashef
2509,Yogesh Shah
2510,Faraz Khan
2511,Hannan Youssef
2512,Narendra Shah
2513,Chitra Shah
2514,Manan Shah
2515,Aishwarya
2516,Balaji Janardhan
2517,Abbas K.
2518,Nakul Vaid
2519,Yashvi Puneet Nagar
2520,Nasirr Khan
2521,Razzak Khan
2522,Amrita Raichand
2523,Shalini Vatsa
2524,Suvinder Pal
2525,Pawan Kumar
2526,Puneet Singh Ratn
2527,Sharvanand
2528,Anaika Soti
2529,Anjalie Gupta
2530,Jaya Prada
2531,Mona Wasu
2532,Mahesh Balraj
2533,Kumar Mayank
2534,Lucien Zell
2535,Vaibhav Suman
2536,Elisha Kriis
2537,Anjula Singh Mahor
2538,Chirag Patil
2539,Sana Oberoi
2540,Gupta Vishakha
2541,Archana Vedhanekar
2542,Rajeev Nigam
2543,Nizhalgal Ravi
2544,Kalyani N.
2545,Naresh Gosain
2546,Deepti Pujari
2547,Sunil Saraswat
2548,Vishal Sharma
2549,Sabina Sheema
2550,Sumit Suri
2551,Bharath Niwas
2552,Meenacshi Martins
2553,Satish Gawas
2554,George Rodrigues
2555,Melissa Makeup
2556,Dhruv Ganesh
2557,Gulam Gouse Deewani
2558,Ankit
2559,Sumit Rana
2560,Inderjeet Singh Sagoo
2561,Rishad Rizvi
2562,Uday Chopra
2563,Tabrett Bethell
2564,Andrew Bicknell
2565,Siddharth Nigam
2566,Charles Rasmussen
2567,Gavin Marshall
2568,Pratap Jaiswal
2569,Shirin Guha
2570,Vivek Rana
2571,Deepak Kingrani
2572,Sayali Bhagat
2573,Julia Bliss
2574,Kristian Hedegaard-Petersen
2575,Tabrez Khan
2576,Bijayata Pradhan
2577,Datta Rahul
2578,Gulshan Rana
2579,Tej Sapru
2580,Karan Sharma
2581,Bhaumik Sampat
2582,Kadambari Jethwani
2583,Rohin Robert
2584,Kunal Panth
2585,Anjali Abrol
2586,Homi Wadia
2587,Madhurjeet Sarghi
2588,Rajesh Tandon
2589,Kanika Tiwari
2590,Zenobia Shroff
2591,Mukul Chadda
2592,Anju Mahendru
2593,Babu Antony
2594,Tony Kattukaran
2595,Lakshmi Ramakrishnan
2596,Sriranjani
2597,Shyam
2598,Kiran Bhatia
2599,Yaman Chatwal
2600,Chirag Jain
2601,Akhlaque Khan
2602,Sonam Mukherjee
2603,Helen
2604,Pradeep Kharab
2605,Taraana Raja
2606,Gurpreet Saini
2607,Genelia D'Souza
2608,Jahangir Khan
2609,Chandan Sanyal
2610,Ranjana Sasan
2611,Ranjeeta Kaur
2612,Ashish Sharma
2613,Aseem Ali Khan
2614,Shekar Shukla
2615,Teeshay
2616,Shikhi Gupta
2617,Prabhat Kumar
2618,Rahul Madhav
2619,Rahul Minz
2620,Prabhat Raghunandan
2621,Payal Rohatgi
2622,Archana Joglekar
2623,Chetan Pandit
2624,Ashok Samarth
2625,Shweta Tiwari
2626,Kulraj Randhawa
2627,Harish
2628,Bhairavi Goswami
2629,Mukesh Tyagi
2630,Firdosh Mewawala
2631,Mohanlal
2632,Sameera Reddy
2633,Philip Martin Brown
2634,Sagar Arya
2635,Dominic Power
2636,Karisma Kapoor
2637,Ratan Singh
2638,Natasha Rastogi
2639,Charu Rastogi
2640,Shashank Khaitan
2641,Ankit Kakar
2642,Abdullah Osman
2643,Lakshmi Manchu
2644,Neeraj Vora
2645,Yudhveer Bakoliya
2646,Ashok Banthia
2647,Ravi Khanvilkar
2648,Hemanth Mahaur
2649,Pradhuman Singh
2650,Neha Bhasin
2651,Ashok Pathak
2652,Nilesh Diwekar
2653,Amaan Irees
2654,Pawan Shankar
2655,Abid Ali
2656,Anya Anand
2657,Manjusha Godse
2658,Nitin Kerur
2659,Kishor Nadalskar
2660,Gulshan Pandey
2661,Aditya Siddhu
2662,Raj Tandon
2663,Julia Datt
2664,Zeishan Quadri
2665,Yasmin Tippett
2666,Lottie Dosanjh
2667,Louise Bangay
2668,Naresh Sharma
2669,Jayanta Das
2670,Md. Sohaib
2671,Sameer Ahmed
2672,Katiffuddin
2673,Naved Malik
2674,Amir Khan
2675,Atif Khalid
2676,Umer Khan
2677,Ravindra Kale
2678,Raju Shrestha
2679,Nassar Abdulla
2680,Shawar Ali
2681,Rashid Khan
2682,Abhishek Kumar
2683,Roshan Seth
2684,Vickrant Mahajan
2685,Freny Bhagat
2686,Dinyar Contractor
2687,Nauheed Cyrusi
2688,Daisy Irani
2689,Mahabanoo Mody-Kotwal
2690,Tanay Sarda
2691,Alexx O'Nell
2692,Amit Purohit
2693,Harsh Rajput
2694,Rituparna Sengupta
2695,Aabid Shamim
2696,Gamya Wijayadasa
2697,Udita Goswami
2698,Harish Bhimani
2699,Neetu Chaudhary
2700,Meghna Erande
2701,Meena Goculdas
2702,Prateek Chakravorty
2703,Glenn Chow
2704,Tapan Das
2705,Srimoy Dey
2706,Hayley Gia Hughes
2707,Uma Jaiswal
2708,Harish Chabbra
2709,Rupa Ganguly
2710,Bholaraj Sapkota
2711,Haradhan Bannerjee
2712,Rashmi Nigam
2713,Sagar Bhangade
2714,Mukesh Bhatt
2715,Vipul Bhatt
2716,Manmeet Dhanjal
2717,Smita Hai
2718,Errol Peter Marks
2719,Paresh Mohiniani
2720,Dinesh Pandya
2721,Shahnawaz Pradhan
2722,Rahul Kumar
2723,Pooja Welling
2724,Poonam Jhawer
2725,Nirmiti Sawant
2726,Subodh Bhave
2727,Amey Wagh
2728,Kishori Ballal
2729,Thamizh
2730,Delzad Hiwale
2731,Vishal Vijay
2732,J.D. Chakravarthi
2733,Madhu Shalini
2734,Alayana Sharma
2735,Nitin Jadhav
2736,Bharat Ganeshpure
2737,Cary Elwes
2738,Christopher Lloyd
2739,Tara Strong
2740,Troy Baker
2741,Jane Lynch
2742,Tom Kenny
2743,Vanessa Williams
2744,Brad Garrett
2745,Jason Alexander
2746,Roger Craig Smith
2747,Harsh Mainra
2748,Manasi Rachh
2749,Anuja Sachdeva
2750,Irma Jämhammar
2751,Sunidhi Chauhan
2752,Ettienne Couthino
2753,Saptharishi Ghosh
2754,Krishna Bhatt
2755,Raja Bherwani
2756,Satyadev Dubey
2757,Jayant Gadekar
2758,Yusuf Hussein
2759,Zakhir Hussein
2760,Sarika
2761,Lucy Phelps
2762,Rajshri Deshpande
2763,Himanshu Bhatt
2764,Raadhika Singh
2765,Akkash Basnet
2766,Rashmi Gautam
2767,Nandini Rai
2768,Siddarth Chopra
2769,Binojee
2770,Uttej
2771,Tarzan
2772,Sudesh Berry
2773,RajKumar
2774,Omi Vaidya
2775,Shweta Bhardwaj
2776,Shazahn Padamsee
2777,Jeetu Verma
2778,Mehdi Nebbou
2779,Sulabha Deshpande
2780,Michael Patrick Hoban
2781,Sujatha Kumar
2782,Navika Kotia
2783,Shivansh Kotia
2784,Cory Hibbs
2785,Vivek Sudershan
2786,Ronnaoq Ahuja
2787,Charu Asopa
2788,Yugesh Anil
2789,Madhuri Bhattacharya
2790,Emma Brown Garett
2791,Mohsin
2792,Muzzi
2793,Luna
2794,Aakash Deep
2795,Rajesh Vivek
2796,Rajiv
2797,Monica Dogra
2798,Kriti Malhotra
2799,Jehan Manekshaw
2800,Ashok Varma
2801,Sanjivani Oagle
2802,Aasha Pawar
2803,Sid Makkar
2804,Jeneva Talwar
2805,Anita Kanwal
2806,Samar Sarila
2807,Sameer Malhotra
2808,Vatsal Sheth
2809,Tulip Joshi
2810,Chandrachur Karnik
2811,Subeer Goswamin
2812,Ramesh Chandane
2813,Nirmal Soni
2814,Vinamra Pancharia
2815,Yusuf Hussain
2816,Russell Geoffrey Banks
2817,Leigh Barwell
2818,Isha Batwe
2819,Daisy Bopanna
2820,Brahim Chab
2821,Luna Lahkar
2822,Mahi
2823,Charlie Ruedpokanon
2824,Delnaaz Irani
2825,Soni Razdan
2826,Alexander Diachenko
2827,Shashi Malviya
2828,Dipti Misra
2829,Akbar Khan
2830,Rituparno Ghosh
2831,Suchita Roy Chaudhury
2832,Anya Chowdhry
2833,Kunal Padhy
2834,Pradip Roy
2835,Buddhadev Chakraborty
2836,Abeer Chakraborty
2837,Celina Jaitly
2838,Sumit Arora
2839,Arun
2840,Raakesh Babu
2841,Prem Kishen Dwivedi
2842,Ali Irani
2843,Aruna Irani
2844,Kannan Iyer
2845,Jagruti
2846,Anay
2847,Mohit Ghai
2848,Ahwaan
2849,Archana Sharma
2850,Danica Moadi
2851,Ragini Khanna
2852,Anaitha Nair
2853,Bugs Bhargava
2854,Muzammil S. Qureshi
2855,Mariah Pucu Gantois Gomes
2856,Sendhil Ramamurthy
2857,Sundeep Kishan
2858,Girija Oak
2859,Darsheel Safary
2860,Gargi Datar
2861,Jai Vyas
2862,Parth Muni
2863,Yana Gupta
2864,Ishaan Manhaas
2865,Dheeraj Miglani
2866,Priti Gandwani
2867,Shubhi Ahuja
2868,Kamal Malik
2869,Amit Dhamija
2870,Lilliput
2871,Rupali Ganguly
2872,Ssanjay S. Swaraaj
2873,Ashraf Ul Haq
2874,Kunal Kuchehal
2875,Siddhartha Sanghani
2876,Rajvi Suchak
2877,Lucia Edwards
2878,Sanjeev Sharma
2879,Pradeep Sharma
2880,Madhoo
2881,Prashant Ranyal
2882,Rajat Kaul
2883,Janice
2884,Shernaza
2885,Mangala Ahire
2886,Harshraj Shroff
2887,Christy Philips
2888,M. Ravichandran Thevar
2889,Numaan Sheikh
2890,Abhishek Reddy
2891,Sai Shara Shetty
2892,Monty Sarkar
2893,Leo Crasto
2894,Tijo Thomas
2895,Ganesh Pujari
2896,Walter D'Souza
2897,Rajvvir Aroraa
2898,Aditya Banerjee
2899,Amod Burande
2900,Chandra Shekhar Dutta
2901,Lawrence Postma
2902,Nikhil Chinappa
2903,Shelly Skandrani
2904,Raayo S. Bakhirta
2905,Rahul Vohra
2906,Aditi Govitrikar
2907,Kishwar Merchant
2908,Amole Gupte
2909,Preeti Kochar
2910,Giselli Monteiro
2911,Aashish Chaudhary
2912,Subbaraju
2913,Poorna Jagannathan
2914,Kim Bodnia
2915,Sulagna Panigrahi
2916,Sudhanshu Pandey
2917,Sandeep Sikand
2918,Raj Gopal Iyer
2919,Aarav Khanna
2920,Divji Handa
2921,Rohan Grover
2922,Sanath Menon
2923,Vedant Desai
2924,Raakesh Maudgal
2925,Ariadna Cabrol
2926,Surpreet Bedi
2927,Lucky Vakharia
2928,Nalin Singh
2929,Namrata Dixit
2930,Sanjay Chauhan
2931,Garima Bharadwaj
2932,Keshav Sharma
2933,Meena Mir
2934,Naushaad Abbas
2935,Sweta Keswani
2936,Priyanka Kothari
2937,Rahul Jaiswal
2938,Sohail Lakhani
2939,Isha Koppikar
2940,Manish Wadhwa
2941,Vijay Kadechkar
2942,Sanjay Kulkarni
2943,Datta Sonawane
2944,Vimal Mhatre
2945,Kishore Nandlaskar
2946,Roshni Chopra
2947,Monica
2948,Udit Khurana
2949,Ashish Nayyar
2950,Kuldeep Ruhil
2951,Hazel Keech
2952,Mohammad Faizan
2953,Chetan Hansraj
2954,Rajat Rawail
2955,Inder Kumar
2956,Chitrashi Rawat
2957,Rajesh Khera
2958,Anita Wahi
2959,Urmila Matondkar
2960,Ajay Gehi
2961,Dimple Ghosh
2962,Viraf Patel
2963,Simran Vaid
2964,Urwashi Gandhi
2965,Michael Joseph
2966,Tara D'Souza
2967,Mahru Sheikh
2968,Arfeen Khan
2969,Vaibhav Talwar
2970,Mikaal
2971,Preeti Soni
2972,Abhilasha Das
2973,Aishwarya Sakhuja
2974,Nathassha Sikka
2975,Vipul Roy
2976,Kamlesh Sawant
2977,Ameet Gaurr
2978,Mukesh Rishi
2979,Deepal Shaw
2980,Kanika Dang
2981,Sonal Joshi
2982,Jagrat Desai
2983,Sasha Goradia
2984,Anup Jalota
2985,Aniruddha Nair
2986,Rohan Shah
2987,Vinay Virmani
2988,Camilla Belle
2989,Russell Peters
2990,Rob Lowe
2991,Sakina Jaffrey
2992,Noureen DeWulf
2993,Kashish Suri
2994,Pamela Sinha
2995,Dev Anand
2996,Sanket Dhawan
2997,Shehzad Khan
2998,Hansal Mehta
2999,Cyrus Sahukar
3000,Umang Jain
3001,Saba Azad
3002,Candice Boucher
3003,Samy Gharbi
3004,Armaan Verma
3005,Shammi Kapoor
3006,Shikha Jain
3007,Chirag Paswan
3008,Neeru Bajwa
3009,Kunal Kumar
3010,Esha Deol
3011,Meltem Cumbul
3012,Sonal Sehgal
3013,Purbi Joshi
3014,Virej Dasani
3015,Myra Karn
3016,Hiten Paintal
3017,Jugal Hansraj
3018,Dino Morea
3019,Madhura Naik
3020,Arjun Sablok
3021,Nataliya Kozhenova
3022,Advika Yadav
3023,Vikas Bhalla
3024,Prince Roddey
3025,Bizz Kanwarpal
3026,Mannu Rishi
3027,Shruti Seth
3028,Aseem Hattangadi
3029,Faisal Rashid
3030,Amar Adatia
3031,Lara Clear
3032,Nicolette Bird
3033,Anup Soni
3034,Neetu Chandra
3035,Suchitra Krishnamoorthi
3036,Anupama Kumar
3037,Gauri Mala
3038,Alok Kumar
3039,Anisha Bano
3040,Swati Chitnis
3041,Sudhir Nema
3042,Rakesh Srivastava
3043,Rajan Bhise
3044,Sunny Gill
3045,Alyy Khan
3046,Yuri Suri
3047,Samar Virmani
3048,Mansi Multani
3049,Sada
3050,Rehan Khan
3051,Katie A. Keane
3052,Kenton Duty
3053,Benny Nieves
3054,Christopher B. Duncan
3055,Sonya Jehan
3056,Saira Mohan
3057,Ben Kingsley
3058,Siddhartha Gupta
3059,Swapnel Desai
3060,Kanchan Pagare
3061,Haansaa
3062,Abhay Joshi
3063,Sahil Shroff
3064,Florian Lukas
3065,Tanushree Dutta
3066,Nishigandha Wad
3067,Paul Sidhu
3068,Rio Kapadia
3069,Curtis Buck
3070,Shamar Andrew
3071,Gurdas Maan
3072,Bhagwant Mann
3073,Shavinder Mahal
3074,Gurvinder Gauri
3075,Shammi Malhotra
3076,Baby Saifina
3077,Master Shams
3078,Master Salman
3079,Master Jaffer
3080,Master Fayaaz
3081,Baby Almas
3082,Rahul Aggarwal
3083,Narayani Shastri
3084,Shweta Salve
3085,Ehsan Khan
3086,Vikrum Kumar
3087,Haidar Ali
3088,Urvashi Chaudhary
3089,Mansi Dovhal
3090,Deepak Chadha
3091,Shashi Sharma
3092,Sheetal Bedi
3093,Aditya Narayan
3094,Shweta Agarwal
3095,Shubh Joshi
3096,Natasha Sinha
3097,Manoj Verma
3098,Prithvi Zutshi
3099,Neha Bam
3100,Zehra Naqvi
3101,Asawari Joshi
3102,Milap Zaveri
3103,Tara Sharma
3104,Vivek Shauq
3105,Rubi Chakravarthy
3106,Rakhee Tandon
3107,Rekha Rao
3108,Vipinn O.
3109,Veena Barua
3110,Ranjan Koshal
3111,Chigusa Takaku
3112,Paran Banerjee
3113,Rudranil Ghosh
3114,Debranjan Nag
3115,Jagannath Guha
3116,Sagnik Chowdhury
3117,Ayesha Takia
3118,Sanatan Mody
3119,Shraddha Arya
3120,Aanaahad
3121,Kelly Dorji
3122,Nirmal Pandey
3123,Parul Shah
3124,Ankush Chaudhari
3125,Sameer Dharmadhikari
3126,Karan Patel
3127,Veena Jamkar
3128,Kashmira Shah
3129,Tarina Patel
3130,Shweta Menon
3131,Jiah Khan
3132,Amar Talwar
3133,Sanjeev Bhaskar
3134,Steve Morphew
3135,Steve Jones
3136,Jamie Sives
3137,Mark Addy
3138,Goldy Notay
3139,Sacha Shilov
3140,Teghvir Gujral
3141,Isaiah
3142,Aruna Shields
3143,Mayur Puri
3144,Vikram
3145,Ziyah Vastani
3146,Nargis Bagheri
3147,Jagdeeshan
3148,Nagesh
3149,Rasika Joshi
3150,Steven Michael Quezada
3151,Bárbara Mori
3152,Luce Rains
3153,Nicholas Brown
3154,Clark Sanchez
3155,Arya Banerjee
3156,Aarti Chhabria
3157,Bhushan Agarwal
3158,Venita Anand
3159,Bedi
3160,Rozza Catalona
3161,Pradeep Chaudhry
3162,Hussain
3163,Hanbir Malik
3164,Vicky Oberoi
3165,Naved Aslam
3166,Lucy Hassan
3167,Trisha Krishnan
3168,Urvashi Sharma
3169,Chirag Vohra
3170,Raja Hudda
3171,Varun Khettry
3172,Khushkeran Singh Sandhu
3173,Akantuk Sharma
3174,Sanjeev Wilson
3175,Allauddin Khan
3176,Rajeev Yadav
3177,Sophie Handa
3178,Linda Arsenio
3179,Anaushka Dantra
3180,Ashoi Dantra
3181,Malaika Shenoy
3182,Vishal Om Prakash
3183,Raj Singh Chaudhary
3184,Swati Sen
3185,Himanshi
3186,Jaya Bhattacharya
3187,Prateeksha Lonkar
3188,Ashwin Chitale
3189,Barkha Madan
3190,Iris Maity
3191,Nishan Nanaiah
3192,Sartaj Singh Pannu
3193,Bhupinder Singh
3194,Reema Lambha
3195,Waqar
3196,Dushyant Shukla
3197,Pratik Sanjeeva Rao
3198,Rajeev Mehta
3199,Nimisha Vakharia
3200,J.D. Majethia
3201,Kesar Majethia
3202,Markand Soni
3203,Ayesha Dharker
3204,Bhagyashree
3205,Kiran Janjani
3206,Nandita Puri
3207,Vijayendra Ghatge
3208,Sapan Saran
3209,Snehal Dabi
3210,Jimmy Varyani
3211,Shiv Subramaniyam
3212,Jeff Doucette
3213,Raman Trikha
3214,Mahmoud Babai
3215,Mashhoor Amrohi
3216,Shella Alan
3217,Francis Chouler
3218,Jeffrey Tangreo Tsoutsos
3219,Aman Hora
3220,Jaideep Suri
3221,Neetu Singh
3222,Archit Krishna
3223,Supriya Shukla
3224,Saransh Taneja
3225,Pushpanjali Sharma
3226,Vaibhav Rajour
3227,Reema Sen
3228,Amita Pathak
3229,Atul Tiwari
3230,Apoorva Lakhia
3231,Paakhi A. Tyrewala
3232,Raghu Ram
3233,Alishka Varde
3234,George Young
3235,Omar Khan
3236,Prahsant Chawla
3237,Monikangana Dutta
3238,Suhel Seth
3239,Ash Chandler
3240,Vijay Crishna
3241,Varun Bhagwat
3242,Bharat Jha
3243,Faruk Kabir
3244,Ajaz Khan
3245,Saksham Kulkarni
3246,Sharmila Tagore
3247,Navin Nischol
3248,Parzaan Dastur
3249,Yudhishtir Urs
3250,Akanksha
3251,Ramesh Bhatkar
3252,Smriti Malhotra-Irani
3253,Kaveri Jha
3254,Mangala Kenkre
3255,Akshita Sharma
3256,Sushmita Sen
3257,Swini Khara
3258,Abhijeet Satam
3259,Sheela David
3260,Satish Sharma
3261,Rajiv Laxman
3262,Dharampal
3263,Apara Mehta
3264,Poonam Gulati
3265,Madhur Arora
3266,Rishi Krishnan
3267,Dilip Roy
3268,Ameya Pandya
3269,Chinky Jaiswal
3270,Tanuja
3271,Sherveer Vakil
3272,Sahil Khan
3273,Koushtuv Ghosh
3274,Ananya
3275,Ishita Panchal
3276,Arjun Nandwani
3277,Zankhi Pabari
3278,Taleb Ibrahim
3279,Aseem Tiwari
3280,Aamir Ali Malik
3281,Pooja Rawal
3282,Ketki Dave
3283,Fardeen Khan
3284,Ishita Sharma
3285,Mohit Chadha
3286,Beena Kak
3287,Aubrey K. Miller
3288,Carl Marino
3289,Ilona Marino
3290,Kumar Pallana
3291,Yuvraaj Parashar
3292,Maradona Rebello
3293,Asha Sachdev
3294,Bharat Kaul
3295,Johny Bakshi
3296,Sudeepa Singh
3297,Olivier Lafont
3298,Isha Sharvani
3299,Rahul Khanna
3300,Florence Brudenell-Bruce
3301,Nirupama Verma
3302,Gunjas Singh
3303,Chandan Anand
3304,Raju Mavani
3305,Khushboo Grewal
3306,Hamid Khan
3307,Muzahid Khan
3308,Amita Nangia
3309,Jagadish
3310,Mitali Mayekar
3311,Pratik Dalvi
3312,Yash Tonk
3313,Dilip Joshi
3314,Malay Chakrabarty
3315,Armin Amiri
3316,Kulraaj Anand
3317,Farah Bala
3318,Lisa Branch
3319,Naomi Campbell
3320,Vikram Chatwal
3321,Vincent Curatola
3322,Drena De Niro
3323,Sticky Fingaz
3324,Allan Border
3325,Mike Hussey
3326,Simon Jones
3327,Brett Lee
3328,Tony Greig
3329,Sajid Mahmood
3330,Dmitri Mascerhanes
3331,Waqar Younis
3332,Deb Mukherjee
3333,Tenzing Nima
3334,Carlos Paca
3335,Aditya Dhar
3336,Brijesh Batuknath Tripathi
3337,Vijay Ratnakar Gutte
3338,Soumik Sen
3339,Sridhar Rangayan
3340,Ivan Ayr
3341,Sourabh Shrivastava
3342,Pia Sukanya
3343,Radha Krishna Jagarlamudi
3344,Kangana Ranaut
3345,Abhijit Panse
3346,Bhushan Patel
3347,Zoya Akhtar
3348,Abhishek Dixit
3349,Indra Kumar
3350,Abhishek Chaubey
3351,Sujoy Ghosh
3352,Vasan Bala
3353,Aijaz Khan
3354,Ritesh Batra
3355,Aarun Nagar
3356,Rakeysh Omprakash Mehra
3357,Mitali Ghoshal
3358,Anurag Singh
3359,Nitin Kakkar
3360,Chuck Russell
3361,Qasim Khallow
3362,Soumitra Ranade
3363,Vivek Agnihotri
3364,Abhishek Varman
3365,Ashwini Chaudhary
3366,Punit Malhotra
3367,Omung Kumar
3368,Akiv Ali
3369,Raj Kumar Gupta
3370,Lom Harsh
3371,Chakri Toleti
3372,Sandeep Reddy Vanga
3373,Anubhav Sinha
3374,Ashok Nanda
3375,Lalit Mohan
3376,Vikas Bahl
3377,Manoj K. Jha
3378,Prince Singh
3379,Nikkhil Advani
3380,Smeep Kang
3381,Prakash Kovelamudi
3382,Shekhar Sirrinn
3383,Rohit Jugraj
3384,Prashant Singh
3385,Sanjiv Jaiswal
3386,Shonali Bose
3387,Jagan Shakti
3388,Sujeeth
3389,Raaj Shaandilyaa
3390,Ajay Bahl
3391,Abhishek Sharma
3392,Sunny Deol
3393,Deva Katta
3394,Manoj Tiwari
3395,Vikram Bhatt
3396,Amar Kaushik
3397,Ovais Khan
3398,Farhad Samji
3399,Tushar Hiranandani
3400,Mikhil Musale
3401,Abhishek Pathak
3402,Danish Singh
3403,Navinder Pal Singh
3404,Naman Nitin Mukesh
3405,Irfan Kamal
3406,Brahmanand S. Singh
3407,Tanvi Jain
3408,Milap Zaveri
3409,Debamitra Biswal
3410,Raama Mehra
3411,Anees Bazmee
3412,Seema Bhargava
3413,Cherag Ruparel
3414,Mukesh Chhabra
3415,Mudassar Aziz
3416,Aditya Datt
3417,Gopi Puthran
3418,Prabhu Deva
3419,Raj Mehta
3420,Akshat Verma
3421,Kushal Srivastava
3422,Samir Soni
3423,Subroto Paul
3424,Pradeep Rangwani
3425,Anurag Kashyap
3426,Sanjay Patel
3427,Anand Tiwari
3428,Neeraj Pandey
3429,Sanjay Leela Bhansali
3430,Onir
3431,Akshay Anand
3432,Ashu Trikha
3433,Luv Ranjan
3434,Vishal Pandya
3435,Aleya Sen
3436,Arjun Mukerjee
3437,Siddharth Malhotra
3438,Mukul Abhyankar
3439,Ahmed Khan
3440,Shoojit Sircar
3441,Karthik Subbaraj
3442,Majid Majidi
3443,Faraz Haider
3444,Sudhir Mishra
3445,Hansal Mehta
3446,Meghna Gulzar
3447,Sudip Bandyopadhyay
3448,Akarsh Khurana
3449,Harsh Chhaya
3450,Deb Medhekar
3451,Vikramaditya Motwane
3452,Karan Butani
3453,Remo D'Souza
3454,Shashank Khaitan
3455,Rajkumar Hirani
3456,Tigmanshu Dhulia
3457,Jayesh Pradhan
3458,Nikhil Bhat
3459,Reema Kagti
3460,Anil Sharma
3461,Navaniat Singh
3462,J.P. Dutta
3463,Sajid Ali
3464,Dipesh Jain
3465,Nila Madhab Panda
3466,Vishal Bhardwaj
3467,Shree Narayan Singh
3468,Tabrez Noorani
3469,Nandita Das
3470,Prerna Wadhawan
3471,Sharat Katariya
3472,Gauravv K. Chawla
3473,Pushpdeep Bhardwaj
3474,Abhishek Dogra
3475,Rahi Anil Barve
3476,Anand Gandhi
3477,Adesh Prasad
3478,Pradeep Sarkar
3479,Vipul Amrutlal Shah
3480,Sriram Raghavan
3481,Amit Ravindernath Sharma
3482,Namrata Singh Gujral
3483,Dhiraj Kumar
3484,Manish Vatssalya
3485,Jagbir Dahiya
3486,Sachin P. Karande
3487,Chandra Prakash Dwivedi
3488,Kapri Vinod
3489,Neeraj Pathak
3490,Leena Yadav
3491,Aanand L. Rai
3492,Rohit Shetty
3493,Ali Abbas Zafar
3494,David Dhawan
3495,Shaad Ali
3496,Vishal Mishra
3497,Sanjay Gupta
3498,Rahul Dholakia
3499,Vijay Krishna Acharya
3500,Honeypreet Insan
3501,Gurmeet Ram Rahim Singh
3502,Amit Roy
3503,Sankalp Reddy
3504,Aparnaa Singh
3505,Shekhar S. Jha
3506,Keshhav Panneriy
3507,Dipankar Senapati
3508,Nicholas Kharkongor
3509,Anshai Lal
3510,Abbas Alibhai Burmawalla
3511,Mastan Alibhai Burmawalla
3512,Shaurya Singh
3513,Avinash Das
3514,Shivam Nair
3515,Shubhashish Bhutiani
3516,Srijit Mukherji
3517,Sunhil Sippy
3518,Gulbahar Singh
3519,Ashter Syed
3520,Ram Gopal Varma
3521,Mohit Suri
3522,Akshay Roy
3523,James Erskine
3524,Saket Chaudhary
3525,Hasnain Hyderabadwala
3526,Prawaal Raman
3527,Sunil Sanjan
3528,Sunaina Bhatnagar
3529,Dinesh Vijan
3530,Ajay Pannalal
3531,Kabir Khan
3532,Bumpy
3533,Suneel Darshan
3534,Anurag Basu
3535,Alankrita Shrivastava
3536,Ravi Sadasiv
3537,Rahul Dahiya
3538,Madhur Bhandarkar
3539,Imtiaz Ali
3540,Sabir Khan
3541,Ashwani Dhir
3542,Ashwiny Iyer Tiwari
3543,Kushan Nandy
3544,Jyoti Singh
3545,Vick Krishna
3546,Habib Faisal
3547,R.S. Prasanna
3548,Ashim Ahluwalia
3549,Ranjit Tiwari
3550,Krishna D.K.
3551,Raj Nidimoru
3552,Gurinder Chadha
3553,Sanjay Chhel
3554,Amit Masurkar
3555,Dhwanil Mehta
3556,Apoorva Lakhia
3557,Shailendra Pandey
3558,Shlok Sharma
3559,Shreyas Talpade
3560,Ravi Udyawar
3561,Raja Menon
3562,Sattwik Mohanty
3563,Arvind Tripathi
3564,Atanu Mukherjee
3565,Advait Chandan
3566,Milind Rau
3567,Rakhee Sandilya
3568,Ratnaa Sinha
3569,Howard Rosemeyer
3570,Tanuja Chandra
3571,Ananth Narayan Mahadevan
3572,Prem Prakash Modi
3573,Suresh Triveni
3574,Deepak S. Shivdasani
3575,Rajiv Dhingra
3576,Mrighdeep Lamba
3577,Amit Kumar
3578,Devashish Makhija
3579,Jayant Gilatar
3580,Krishan Hooda
3581,Dedipya Joshii
3582,Mohammed Israr Ansari
3583,Sudha Kongara
3584,Umesh Ghadge
3585,Naresh Lalwani
3586,Shefali Bhushan
3587,Abhishek Kapoor
3588,Divya Khosla Kumar
3589,Rajiv S. Ruia
3590,Sameer Sippy
3591,Vaibhav Misra
3592,Ram Madhvani
3593,K.D. Satyam
3594,Saandesh Nayak
3595,Deepak Chandra
3596,Prakash Jha
3597,Shakun Batra
3598,Nishikant Kamat
3599,Maneesh Sharma
3600,Syed Ahmad Afzal
3601,Amitabha Singh
3602,Anup Kurian
3603,Akashdeep
3604,Rajesh Pillai
3605,Dharmendra Suresh Desai
3606,Anthony D'Souza
3607,Suzad Iqbal Khan
3608,Tanuj Bhramar
3609,Pawan Kripalani
3610,Deepak Tijori
3611,Ribhu Dasgupta
3612,Kunal v Singh
3613,Indrajit Lankesh
3614,Saurabh Varma
3615,Nagesh Kukunoor
3616,Rajesh Butalia
3617,Raja Bundela
3618,Qaushiq Mukherjee
3619,Anu Menon
3620,Anil Ballani
3621,Agneya Singh
3622,Aban Raza
3623,Rohit Dhawan
3624,Rajeev Jhaveri
3625,Monjoy Joy Mukerji
3626,Ashutosh Gowariker
3627,Param Gill
3628,Nitya Mehra
3629,Sohail Khan
3630,Aniruddha Roy Chowdhury
3631,Ravi Jadhav
3632,Krishnadev Yagnik
3633,Ajit Sinha
3634,Ruchika Oberoi
3635,Aziz Zee
3636,A.L. Vijay
3637,Suhas Kadav
3638,Shashank Udapurkar
3639,Sunil Subramani
3640,Sanjeev Sharma
3641,Rajeev Chaudhari
3642,Prashant Nair
3643,Ajay Devgn
3644,Hadi Abrar
3645,Karan Johar
3646,Shujaat Saudagar
3647,Abhinay Deo
3648,Gauri Shinde
3649,Aditya Chopra
3650,Munish Bhardwaj
3651,Pranav Singh
3652,Jitendra Tiwari
3653,R. Balki
3654,Nitesh Tiwari
3655,Sooraj R. Barjatya
3656,Shivaji Lotan Patil
3657,Sachindra Sharma
3658,Gurmmeet Singh
3659,Vibhu Puri
3660,Karan Darra
3661,Manish Gupta
3662,Milann Ajmera
3663,Vikramjit Singh
3664,Ritesh Menon
3665,Sunil Prem Vyas
3666,Anup Singh
3667,Ejaz Gulab
3668,K.C. Bokadia
3669,Jeetu Arora
3670,Amit Khanna
3671,Manu Warrier
3672,Ajay Chandhok
3673,Navdeep Singh
3674,Harshavardhan Kulkarni
3675,Dibakar Banerjee
3676,Aanand Raut
3677,Chaitanya Tamhane
3678,Nilesh Maniyar
3679,Bobby Khan
3680,Shadaab Mirza
3681,Munindra
3682,Japinder Kaur Baweja
3683,Fuwad Khan
3684,Anil Chaudhary
3685,Devang Dholakia
3686,Pankaj Batra
3687,Ashish R. Mohan
3688,Kundan Shah
3689,Ashish Bhavsar
3690,Anup Das
3691,Jasbir Bhaati
3692,Shakir Khan
3693,V.K. Prakash
3694,Anirudh Chawla
3695,Neeraj Ghaywan
3696,Subhash Kapoor
3697,Jaswant Gangani
3698,Biswajeet Bora
3699,Radhika Rao
3700,Vinay Sapru
3701,Faisal Saif
3702,Karan Anshuman
3703,Umesh Shukla
3704,Karan Malhotra
3705,Ketan Mehta
3706,Sachin Gupta
3707,Vijay Pal
3708,Zeishan Quadri
3709,Irshad Khan
3710,Sharique Minhaj
3711,Binod Pradhan
3712,Kanu Behl
3713,Sheershak Anand
3714,Shantanu Ray Chhibber
3715,Mahesh Bhatt
3716,Aryeman Ramsay
3717,Ramesh Sippy
3718,Rajesh Pandey
3719,Kamal Swaroop
3720,Sanghamitra Chaudhuri
3721,Vinil Mathew
3722,Shekhar Suman
3723,Devika Bhagat
3724,Nishtha Jain
3725,Nupur Asthana
3726,Eeshwar Nivas
3727,Sabir
3728,Sanamjit Singh Talwar
3729,Rajat Kapoor
3730,Satish Kaushik
3731,Raju Mavani
3732,Tarun Madan Chopra
3733,Umesh Bist
3734,Avtar Bhogal
3735,Girish Malik
3736,Shammi Chhabra
3737,Saad Khan
3738,Kaushik Ghatak
3739,Tanushri Chattrji Bassu
3740,Vijay Raaz
3741,Karan Arora
3742,Sandeep A. Varma
3743,Feroz Abbas Khan
3744,Akhilesh Jaiswal
3745,Mrityunjay Devvrat
3746,Amole Gupte
3747,Mahesh Vaijnath Doijode
3748,Manas Das
3749,Aman Sachdeva
3750,Sai Kabir
3751,Subhash Ghai
3752,Debaloy Dey
3753,Zaid Ali Khan
3754,Janaki Vishwanathan
3755,Samar Shaikh
3756,Sajid Khan
3757,Arif Ali
3758,Ashok Tyagi
3759,Ajay Bhuyan
3760,A.R. Murugadoss
3761,Kabir Sadanand
3762,Ajay Mehra
3763,Ahmed Faisal Inam
3764,Akshay Akkineni
3765,Sajid
3766,Kunal Deshmukh
3767,Homi Adajania
3768,Shashanka Ghosh
3769,Vishal Mahadkar
3770,Sajid Nadiadwala
3771,Saahil Prem
3772,Atlanta Nagendra
3773,Manoj Amarnani
3774,Anand Kumar
3775,Siddharth Anand
3776,V.K. Singh
3777,Sunil Agnihotri
3778,Raj Purohit
3779,Navneet Behal
3780,Hemant Madhukar
3781,Abhishek Bindal
3782,Manish Harishankar
3783,Charudutt Acharya
3784,Farah Khan
3785,Ravindra Gautam
3786,Kamal Sadanah
3787,Sarovar Banka
3788,Amit Singh
3789,Vats Amit
3790,Renzil D'Silva
3791,Ravi Kumar
3792,Satish Rajwade
3793,Shailesh Verma
3794,Adeeb Rais
3795,Milind Ukey
3796,Priya Krishnaswamy
3797,Aditya Om
3798,Avinash Kumar Singh
3799,Vishesh Bhatt
3800,Arup Dutta
3801,Anshul Sharma
3802,Ashima Chibber
3803,Mahesh Kodiyal
3804,Kamal Haasan
3805,Priyadarshan
3806,Kannan Iyer
3807,Rohan Sippy
3808,Vinnil Markan
3809,Dilip Ghosh
3810,Sonam Nair
3811,Atul Sabharwal
3812,Prem Soni
3813,Ayan Mukherjee
3814,Rajiv Chilaka
3815,Sohail Tatari
3816,Susi Ganesan
3817,Jyotin Goel
3818,K.S. Ravikumar
3819,Manish Tiwary
3820,Shashant Shah
3821,Joe Rajan
3822,Amit Saxena
3823,Rajesh. K.
3824,Dinesh P. Bhonsle
3825,Joy Mukherjee
3826,Richie Mehta
3827,Milan Luthria
3828,Ahishor Solomon
3829,Ayush Raina
3830,Rajkumar Santoshi
3831,Shuja Ali
3832,Vishwas Patil
3833,Jaideep Chopra
3834,Shekhar Ghosh
3835,Ashish R. Shukla
3836,Babloo Seshadri
3837,Navin Batra
3838,Kaizad Gustad
3839,Hriday Shetty
3840,Puja Bedi
3841,Muazzam Beg
3842,Goutham Vasudev Menon
3843,Yash Dave
3844,Allyson Patel
3845,Mandeep Kumar
3846,Jagdish Rajpurohit
3847,Baadal
3848,Kirshan Kumar
3849,Dilip Shankar
3850,Samir Karnik
3851,Supavitra Babul
3852,Arnab Chaudhuri
3853,Rakesh Mehta
3854,Rajesh Mapuskar
3855,Kunal Kohli
3856,Karan Razdan
3857,Gitanjali Sinha
3858,Rajan Khosa
3859,Sachin Yardi
3860,Kabeer Kaushik
3861,Vickrant Mahajan
3862,Bela Segal
3863,Shirish Kunder
3864,Manish Manikpuri
3865,Rajnish Thakur
3866,Vikram Veturi
3867,Prateek Chakravorty
3868,Pritish Chakraborty
3869,Sanjay M. Khanduri
3870,Sachin Kundalkar
3871,Bedabrata Pain
3872,Sanjay Gadhvi
3873,Shamin Desai
3874,Kushal Ruia
3875,Rajpal Yadav
3876,Yash Chopra
3877,Sanjeev Reddy
3878,Anil Devgan
3879,Akashaditya Lama
3880,Arbaaz Khan
3881,Rahat Kazmi
3882,Musavir Jaleel
3883,Aman Mihani
3884,Kiran Rao
3885,Vishal Aryan Singh
3886,Srikanth Velagaleti
3887,Sanjoy Nag
3888,Ganesh Acharya
3889,Jaiveer
3890,Satyajit Bhatkal
3891,Shankhadeep
3892,Vineet Khetrapal
3893,Sushen Bhatnagar
3894,Jag Mundhra
3895,S. Manasvi
3896,Bejoy Nambiar
3897,Sagar Ballary
3898,Roshan Abbas
3899,Puri Jagannadh
3900,Rakesh Ranjan Kumar
3901,Chandrakant Singh
3902,Shukla Barnali Ray
3903,Ajai Sinha
3904,Sanjivan Lal
3905,Lalit Marathe
3906,Girish Dhamija
3907,Parvin Dabas
3908,Siddique
3909,Deepshika Nagpal
3910,Pammi Somal
3911,Pankaj Kapur
3912,Aron Govil
3913,Deepa Sahi
3914,Robert Lieberman
3915,Dev Anand
3916,Sahil Sangha
3917,Prashant Chadha
3918,Tanveer Khan
3919,Hema Malini
3920,Swapna Joshi
3921,Jugal Hansraj
3922,Ken Ghosh
3923,Raaghav Dar
3924,Chandan Arora
3925,Amit Rai
3926,Pawan Gill
3927,Sangeeth Sivan
3928,Kedar Shinde
3929,Vijay Lalwani
3930,Farhan Akhtar
3931,Rajesh Ranshinge
3932,Deepak Kumar Bandhu
3933,Unknown
3934,Rahul Aggarwal
3935,Arshad Khan
3936,Shyam Benegal
3937,Ashok Kheny
3938,Raj Kanwar
3939,Aparna Sen
3940,Milind Gadagkar
3941,Sanjay Puransingh Chauhan
3942,Mahesh Manjrekar
3943,Kookie Gulati
3944,Mani Ratnam
3945,Rajeev Kumar
3946,Partho Ghosh
3947,Pravesh Bhardwaj
3948,Rajeev Virani
3949,Mahmood Farooqui
3950,Anusha Rizvi
3951,Sushil Rajpal
3952,Sartaj Singh Pannu
3953,Abhinav Kashyap
3954,Aatish Kapadia
3955,Akshay Shere
3956,Jennifer Lynch
3957,Chetan Desai
3958,Mani Shankar
3959,Abbas Tyrewala
3960,Faruk Kabir
3961,Danish Aslam
3962,Deepak Balraj Vij
3963,Wilson Louis
3964,Vinay Shukla
3965,Vidhi Kasliwal
3966,Kireet Khurana
3967,Sanjay Sharma
3968,Sudipto Chattopadhyay
3969,Rohit Naiyar
3970,Manish Gupta
3971,Ajit Pal Mangat
3972,Puneet Sira
